-- --------------------------------------------------------
-- Host:                         enis.folpc.cz
-- Server version:               5.5.57-0+deb8u1 - (Raspbian)
-- Server OS:                    debian-linux-gnu
-- HeidiSQL Version:             9.4.0.5125
-- --------------------------------------------------------

/*!40101 SET @OLD_CHARACTER_SET_CLIENT=@@CHARACTER_SET_CLIENT */;
/*!40101 SET NAMES utf8 */;
/*!50503 SET NAMES utf8mb4 */;
/*!40014 SET @OLD_FOREIGN_KEY_CHECKS=@@FOREIGN_KEY_CHECKS, FOREIGN_KEY_CHECKS=0 */;
/*!40101 SET @OLD_SQL_MODE=@@SQL_MODE, SQL_MODE='NO_AUTO_VALUE_ON_ZERO' */;


-- Dumping database structure for enisapp
CREATE DATABASE IF NOT EXISTS `enisapp` /*!40100 DEFAULT CHARACTER SET latin1 */;
USE `enisapp`;

-- Dumping structure for table enisapp.ciselnikRucniBrzda
CREATE TABLE IF NOT EXISTS `ciselnikRucniBrzda` (
  `id` int(11) NOT NULL AUTO_INCREMENT,
  `druh` varchar(255) NOT NULL,
  PRIMARY KEY (`id`)
) ENGINE=InnoDB AUTO_INCREMENT=5 DEFAULT CHARSET=latin1;

-- Dumping data for table enisapp.ciselnikRucniBrzda: ~0 rows (approximately)
/*!40000 ALTER TABLE `ciselnikRucniBrzda` DISABLE KEYS */;
REPLACE INTO `ciselnikRucniBrzda` (`id`, `druh`) VALUES
	(2, 'bez rucní brzdy nebo vadná rucní brzda'),
	(3, 'rucní brzda obsluhovatelná ze zeme\r\n'),
	(4, 'rucní brzda obsluhovatelná z brzdarského stanoviste\r\n');
/*!40000 ALTER TABLE `ciselnikRucniBrzda` ENABLE KEYS */;

-- Dumping structure for table enisapp.ciselnikVzduchovaBrzda
CREATE TABLE IF NOT EXISTS `ciselnikVzduchovaBrzda` (
  `id` int(11) NOT NULL AUTO_INCREMENT,
  `druh` varchar(255) DEFAULT NULL,
  PRIMARY KEY (`id`)
) ENGINE=InnoDB AUTO_INCREMENT=10 DEFAULT CHARSET=latin1;

-- Dumping data for table enisapp.ciselnikVzduchovaBrzda: ~6 rows (approximately)
/*!40000 ALTER TABLE `ciselnikVzduchovaBrzda` DISABLE KEYS */;
REPLACE INTO `ciselnikVzduchovaBrzda` (`id`, `druh`) VALUES
	(1, 'Prubežné brzdové potrubí'),
	(2, 'Systém G (pouze nákladní)'),
	(3, 'Systém P (pouze osobní)'),
	(4, 'Smíšený systém G / P'),
	(5, 'Bez brzdy a bez brzdového potrubí'),
	(6, 'Nekódovaný systém');
/*!40000 ALTER TABLE `ciselnikVzduchovaBrzda` ENABLE KEYS */;

-- Dumping structure for table enisapp.historie
CREATE TABLE IF NOT EXISTS `historie` (
  `id` bigint(20) NOT NULL AUTO_INCREMENT,
  `datum_zmeny` datetime DEFAULT NULL,
  `operace` varchar(255) DEFAULT NULL,
  `uzivatel_id` bigint(20) NOT NULL,
  PRIMARY KEY (`id`),
  KEY `FK7vu3rjqpriuorb0fhek7ct5j` (`uzivatel_id`),
  CONSTRAINT `FK7vu3rjqpriuorb0fhek7ct5j` FOREIGN KEY (`uzivatel_id`) REFERENCES `uzivatel` (`id`)
) ENGINE=InnoDB DEFAULT CHARSET=latin1;

-- Dumping data for table enisapp.historie: ~0 rows (approximately)
/*!40000 ALTER TABLE `historie` DISABLE KEYS */;
/*!40000 ALTER TABLE `historie` ENABLE KEYS */;

-- Dumping structure for table enisapp.lozne_rozmery
CREATE TABLE IF NOT EXISTS `lozne_rozmery` (
  `id` bigint(20) NOT NULL AUTO_INCREMENT,
  `lozna_delka` bigint(20) NOT NULL,
  `lozna_plocha` bigint(20) NOT NULL,
  `lozny_prostor` bigint(20) NOT NULL,
  `vyska_lozne_plochy_pr_vozu` bigint(20) NOT NULL,
  PRIMARY KEY (`id`)
) ENGINE=InnoDB AUTO_INCREMENT=895 DEFAULT CHARSET=latin1;

-- Dumping data for table enisapp.lozne_rozmery: ~1,015 rows (approximately)
/*!40000 ALTER TABLE `lozne_rozmery` DISABLE KEYS */;
REPLACE INTO `lozne_rozmery` (`id`, `lozna_delka`, `lozna_plocha`, `lozny_prostor`, `vyska_lozne_plochy_pr_vozu`) VALUES
	(1, 0, 0, 0, 0),
	(2, 0, 0, 600, 0),
	(3, 0, 0, 600, 0),
	(4, 0, 0, 600, 0),
	(5, 0, 0, 0, 0),
	(6, 0, 0, 600, 0),
	(7, 0, 0, 600, 0),
	(8, 0, 0, 0, 0),
	(9, 0, 0, 0, 0),
	(10, 2226, 50, 0, 0),
	(11, 2220, 50, 0, 0),
	(12, 2974, 0, 0, 0),
	(13, 2974, 0, 0, 0),
	(14, 2974, 0, 0, 0),
	(15, 2974, 0, 0, 0),
	(16, 0, 0, 0, 0),
	(17, 2974, 0, 0, 0),
	(18, 2974, 0, 0, 0),
	(19, 2974, 0, 0, 0),
	(20, 2974, 0, 0, 0),
	(21, 0, 0, 0, 0),
	(22, 0, 0, 0, 0),
	(23, 2974, 0, 0, 0),
	(24, 0, 0, 0, 0),
	(25, 2974, 0, 0, 0),
	(26, 0, 0, 0, 0),
	(27, 0, 0, 0, 1175),
	(28, 0, 0, 0, 1175),
	(29, 0, 0, 0, 1175),
	(30, 0, 0, 0, 0),
	(31, 0, 0, 0, 0),
	(32, 1850, 0, 0, 0),
	(33, 0, 0, 0, 0),
	(34, 0, 0, 0, 0),
	(35, 0, 0, 0, 1155),
	(36, 0, 0, 0, 1155),
	(37, 0, 0, 0, 1155),
	(38, 0, 0, 0, 1155),
	(39, 0, 0, 0, 1155),
	(40, 0, 0, 0, 1155),
	(41, 0, 0, 0, 1155),
	(42, 0, 0, 0, 1155),
	(43, 0, 0, 0, 1155),
	(44, 0, 0, 0, 1155),
	(45, 0, 0, 0, 1155),
	(46, 0, 0, 0, 1155),
	(47, 0, 0, 0, 1155),
	(48, 0, 0, 0, 1155),
	(49, 0, 0, 0, 1155),
	(50, 0, 0, 0, 1155),
	(51, 0, 0, 0, 1155),
	(52, 0, 0, 0, 1155),
	(53, 0, 0, 0, 1155),
	(54, 0, 0, 0, 1155),
	(55, 0, 0, 0, 1155),
	(56, 0, 0, 0, 1155),
	(57, 0, 0, 0, 1155),
	(58, 0, 0, 0, 1155),
	(59, 0, 0, 0, 1155),
	(60, 0, 0, 0, 1155),
	(61, 0, 0, 0, 1155),
	(62, 0, 0, 0, 1155),
	(63, 0, 0, 0, 1155),
	(64, 0, 0, 0, 1155),
	(65, 0, 0, 0, 1155),
	(66, 0, 0, 0, 1155),
	(67, 0, 0, 0, 1155),
	(68, 0, 0, 0, 1155),
	(69, 0, 0, 0, 1155),
	(70, 0, 0, 0, 1155),
	(71, 0, 0, 0, 1155),
	(72, 0, 0, 0, 1155),
	(73, 0, 0, 0, 1155),
	(74, 0, 0, 0, 1155),
	(75, 0, 0, 0, 1155),
	(76, 0, 0, 0, 1155),
	(77, 0, 0, 0, 1155),
	(78, 0, 0, 0, 1155),
	(79, 0, 0, 0, 1155),
	(80, 0, 0, 0, 1155),
	(81, 0, 0, 0, 1155),
	(82, 0, 0, 0, 1155),
	(83, 0, 0, 0, 1155),
	(84, 0, 0, 0, 1155),
	(85, 0, 0, 0, 1155),
	(86, 0, 0, 0, 1155),
	(87, 0, 0, 0, 1155),
	(88, 0, 0, 0, 1155),
	(89, 0, 0, 0, 1155),
	(90, 0, 0, 0, 1155),
	(91, 0, 0, 0, 1155),
	(92, 0, 0, 0, 1155),
	(93, 0, 0, 0, 1155),
	(94, 0, 0, 0, 1155),
	(95, 0, 0, 0, 1170),
	(96, 0, 0, 0, 1170),
	(97, 0, 0, 0, 1170),
	(98, 0, 0, 0, 1155),
	(99, 0, 0, 0, 1155),
	(100, 0, 0, 0, 1155),
	(101, 0, 0, 0, 1155),
	(102, 0, 0, 0, 1155),
	(103, 0, 0, 0, 1155),
	(104, 0, 0, 0, 1155),
	(105, 0, 0, 0, 1155),
	(106, 0, 0, 0, 1170),
	(107, 0, 0, 0, 1170),
	(108, 0, 0, 0, 1170),
	(109, 0, 0, 0, 1170),
	(110, 0, 0, 0, 1170),
	(111, 0, 0, 0, 1170),
	(112, 0, 0, 0, 1170),
	(113, 0, 0, 0, 1170),
	(114, 0, 0, 0, 1170),
	(115, 0, 0, 0, 1170),
	(116, 0, 0, 0, 1170),
	(117, 0, 0, 0, 1170),
	(118, 0, 0, 0, 1170),
	(119, 0, 0, 0, 1170),
	(120, 0, 0, 0, 1170),
	(121, 0, 0, 0, 1170),
	(122, 0, 0, 0, 1170),
	(123, 0, 0, 0, 1170),
	(124, 0, 0, 0, 1170),
	(125, 0, 0, 0, 1170),
	(126, 0, 0, 0, 1170),
	(127, 0, 0, 0, 1170),
	(128, 0, 0, 0, 1170),
	(129, 0, 0, 0, 1170),
	(130, 0, 0, 0, 1170),
	(131, 0, 0, 0, 1170),
	(132, 0, 0, 0, 1170),
	(133, 0, 0, 0, 1170),
	(134, 0, 0, 0, 1170),
	(135, 0, 0, 0, 1170),
	(136, 0, 0, 0, 1170),
	(137, 0, 0, 0, 1170),
	(138, 0, 0, 0, 1170),
	(139, 0, 0, 0, 1170),
	(140, 0, 0, 0, 1170),
	(141, 0, 0, 0, 1170),
	(142, 0, 0, 0, 1170),
	(143, 2510, 0, 0, 1170),
	(144, 0, 0, 0, 1170),
	(145, 0, 0, 0, 1170),
	(146, 0, 0, 0, 1170),
	(147, 0, 0, 0, 1170),
	(148, 0, 0, 0, 1170),
	(149, 0, 0, 0, 1170),
	(150, 0, 0, 0, 1170),
	(151, 0, 0, 0, 1170),
	(152, 0, 0, 0, 1170),
	(153, 0, 0, 0, 1170),
	(154, 0, 0, 0, 1170),
	(155, 0, 0, 0, 1170),
	(156, 0, 0, 0, 1170),
	(157, 0, 0, 0, 1170),
	(158, 0, 0, 0, 1170),
	(159, 0, 0, 0, 1170),
	(160, 0, 0, 0, 1170),
	(161, 0, 0, 0, 1170),
	(162, 0, 0, 0, 1170),
	(163, 0, 0, 0, 1170),
	(164, 0, 0, 0, 1170),
	(165, 0, 0, 0, 1170),
	(166, 0, 0, 0, 1170),
	(167, 0, 0, 0, 1170),
	(168, 0, 0, 0, 1170),
	(169, 2510, 0, 0, 1170),
	(170, 0, 0, 0, 1170),
	(171, 0, 0, 0, 1170),
	(172, 0, 0, 0, 1170),
	(173, 2510, 0, 0, 1170),
	(174, 2510, 0, 0, 1170),
	(175, 2510, 0, 0, 1170),
	(176, 2510, 0, 0, 1170),
	(177, 2510, 0, 0, 1170),
	(178, 0, 0, 0, 1170),
	(179, 0, 0, 0, 1170),
	(180, 2510, 0, 0, 1170),
	(181, 2510, 0, 0, 1170),
	(182, 2510, 0, 0, 1170),
	(183, 2510, 0, 0, 1170),
	(184, 2510, 0, 0, 1170),
	(185, 2510, 0, 0, 1170),
	(186, 0, 0, 0, 1170),
	(187, 2510, 0, 0, 1170),
	(188, 0, 0, 0, 1170),
	(189, 2510, 0, 0, 1170),
	(190, 2510, 0, 0, 1170),
	(191, 0, 0, 0, 1170),
	(192, 2510, 0, 0, 1170),
	(193, 2510, 0, 0, 1170),
	(194, 0, 0, 0, 1170),
	(195, 0, 0, 0, 1170),
	(196, 2510, 0, 0, 1170),
	(197, 2510, 0, 0, 1170),
	(198, 0, 0, 0, 1170),
	(199, 0, 0, 0, 1170),
	(200, 2510, 0, 0, 1170),
	(201, 0, 0, 0, 1170),
	(202, 0, 0, 0, 1170),
	(203, 0, 0, 0, 1170),
	(204, 2510, 0, 0, 1170),
	(205, 0, 0, 0, 1170),
	(206, 2510, 0, 0, 1170),
	(207, 0, 0, 0, 1170),
	(208, 0, 0, 0, 1170),
	(209, 0, 0, 0, 1170),
	(210, 0, 0, 0, 1170),
	(211, 0, 0, 0, 1177),
	(212, 0, 0, 0, 1170),
	(213, 0, 0, 0, 1170),
	(214, 0, 0, 0, 1170),
	(215, 0, 0, 0, 1170),
	(216, 0, 0, 0, 1170),
	(217, 0, 0, 0, 1170),
	(218, 0, 0, 0, 1170),
	(219, 0, 0, 0, 1170),
	(220, 0, 0, 0, 1170),
	(221, 0, 0, 0, 1170),
	(222, 0, 0, 0, 1170),
	(223, 0, 0, 0, 1170),
	(224, 0, 0, 0, 1170),
	(225, 0, 0, 0, 1170),
	(226, 0, 0, 0, 1170),
	(227, 0, 0, 0, 1170),
	(228, 0, 0, 0, 1170),
	(229, 0, 0, 0, 1170),
	(230, 0, 0, 0, 1170),
	(231, 0, 0, 0, 1170),
	(232, 0, 0, 0, 1170),
	(233, 0, 0, 0, 1170),
	(234, 0, 0, 0, 1170),
	(235, 0, 0, 0, 1170),
	(236, 0, 0, 0, 1170),
	(237, 0, 0, 0, 1170),
	(238, 0, 0, 0, 1170),
	(239, 0, 0, 0, 1170),
	(240, 0, 0, 0, 1170),
	(241, 0, 0, 0, 1170),
	(242, 0, 0, 0, 1170),
	(243, 0, 0, 0, 1170),
	(244, 0, 0, 0, 1170),
	(245, 0, 0, 0, 1170),
	(246, 0, 0, 0, 1170),
	(247, 0, 0, 0, 1170),
	(248, 0, 0, 0, 1170),
	(249, 0, 0, 0, 1170),
	(250, 0, 0, 0, 1170),
	(251, 0, 0, 0, 1170),
	(252, 0, 0, 0, 1170),
	(253, 0, 0, 0, 1170),
	(254, 0, 0, 0, 1170),
	(255, 0, 0, 0, 1170),
	(256, 0, 0, 0, 1170),
	(257, 0, 0, 0, 1170),
	(258, 0, 0, 0, 1170),
	(259, 0, 0, 0, 1170),
	(260, 0, 0, 0, 1170),
	(261, 0, 0, 0, 1170),
	(262, 0, 0, 0, 1170),
	(263, 0, 0, 0, 1170),
	(264, 0, 0, 0, 1170),
	(265, 0, 0, 0, 1170),
	(266, 0, 0, 0, 1170),
	(267, 0, 0, 0, 1170),
	(268, 0, 0, 0, 1170),
	(269, 0, 0, 0, 1170),
	(270, 0, 0, 0, 1170),
	(271, 0, 0, 0, 1170),
	(272, 0, 0, 0, 1170),
	(273, 0, 0, 0, 1170),
	(274, 0, 0, 0, 1170),
	(275, 0, 0, 0, 1170),
	(276, 0, 0, 0, 1170),
	(277, 0, 0, 0, 1170),
	(278, 0, 0, 0, 1170),
	(279, 0, 0, 0, 1170),
	(280, 0, 0, 0, 1170),
	(281, 0, 0, 0, 1170),
	(282, 0, 0, 0, 1170),
	(283, 0, 0, 0, 1170),
	(284, 0, 0, 0, 1170),
	(285, 0, 0, 0, 1170),
	(286, 0, 0, 0, 1170),
	(287, 0, 0, 0, 1170),
	(288, 0, 0, 0, 1170),
	(289, 0, 0, 0, 1170),
	(290, 0, 0, 0, 1170),
	(291, 0, 0, 0, 1170),
	(292, 0, 0, 0, 1170),
	(293, 0, 0, 0, 1170),
	(294, 0, 0, 0, 1170),
	(295, 0, 0, 0, 1170),
	(296, 0, 0, 0, 1170),
	(297, 0, 0, 0, 1170),
	(298, 0, 0, 0, 1170),
	(299, 0, 0, 0, 1170),
	(300, 0, 0, 0, 1170),
	(301, 0, 0, 0, 1170),
	(302, 0, 0, 0, 1170),
	(303, 0, 0, 0, 1170),
	(304, 0, 0, 0, 1170),
	(305, 0, 0, 0, 1170),
	(306, 0, 0, 0, 1170),
	(307, 0, 0, 0, 1170),
	(308, 0, 0, 0, 1170),
	(309, 0, 0, 0, 1170),
	(310, 0, 0, 0, 1170),
	(311, 0, 0, 0, 1170),
	(312, 0, 0, 0, 1170),
	(313, 0, 0, 0, 1170),
	(314, 0, 0, 0, 1170),
	(315, 0, 0, 0, 1170),
	(316, 0, 0, 0, 1170),
	(317, 0, 0, 0, 1170),
	(318, 0, 0, 0, 1170),
	(319, 0, 0, 0, 1170),
	(320, 0, 0, 0, 1170),
	(321, 0, 0, 0, 1170),
	(322, 0, 0, 0, 1170),
	(323, 0, 0, 0, 1170),
	(324, 0, 0, 0, 1170),
	(325, 0, 0, 0, 1170),
	(326, 0, 0, 0, 1170),
	(327, 0, 0, 0, 1170),
	(328, 0, 0, 0, 1170),
	(329, 0, 0, 0, 1170),
	(330, 0, 0, 0, 1170),
	(331, 0, 0, 0, 1170),
	(332, 0, 0, 0, 1170),
	(333, 0, 0, 0, 1170),
	(334, 0, 0, 0, 1170),
	(335, 0, 0, 0, 1170),
	(336, 0, 0, 0, 1170),
	(337, 0, 0, 0, 1170),
	(338, 0, 0, 0, 1170),
	(339, 0, 0, 0, 1170),
	(340, 0, 0, 0, 1170),
	(341, 0, 0, 0, 1170),
	(342, 0, 0, 0, 1170),
	(343, 0, 0, 0, 1170),
	(344, 0, 0, 0, 1170),
	(345, 0, 0, 0, 1170),
	(346, 0, 0, 0, 1170),
	(347, 0, 0, 0, 1170),
	(348, 0, 0, 0, 1170),
	(349, 0, 0, 0, 1170),
	(350, 0, 0, 0, 1170),
	(351, 0, 0, 0, 1170),
	(352, 0, 0, 0, 1170),
	(353, 0, 0, 0, 1170),
	(354, 0, 0, 0, 1170),
	(355, 0, 0, 0, 1170),
	(356, 0, 0, 0, 1170),
	(357, 0, 0, 0, 1170),
	(358, 0, 0, 0, 1170),
	(359, 0, 0, 0, 1170),
	(360, 0, 0, 0, 1170),
	(361, 0, 0, 0, 1170),
	(362, 0, 0, 0, 1170),
	(363, 0, 0, 0, 1170),
	(364, 0, 0, 0, 1170),
	(365, 0, 0, 0, 1170),
	(366, 0, 0, 0, 1170),
	(367, 0, 0, 0, 1170),
	(368, 0, 0, 0, 1170),
	(369, 0, 0, 0, 1170),
	(370, 0, 0, 0, 1170),
	(371, 0, 0, 0, 1170),
	(372, 0, 0, 0, 1170),
	(373, 0, 0, 0, 1170),
	(374, 0, 0, 0, 1170),
	(375, 0, 0, 0, 1170),
	(376, 0, 0, 0, 1170),
	(377, 0, 0, 0, 1170),
	(378, 0, 0, 0, 1170),
	(379, 0, 0, 0, 1170),
	(380, 0, 0, 0, 1170),
	(381, 0, 0, 0, 1170),
	(382, 0, 0, 0, 1170),
	(383, 0, 0, 0, 1170),
	(384, 0, 0, 0, 1170),
	(385, 0, 0, 0, 1170),
	(386, 0, 0, 0, 1170),
	(387, 0, 0, 0, 1170),
	(388, 0, 0, 0, 1170),
	(389, 0, 0, 0, 1170),
	(390, 0, 0, 0, 1170),
	(391, 0, 0, 0, 1170),
	(392, 0, 0, 0, 1170),
	(393, 0, 0, 0, 1170),
	(394, 0, 0, 0, 1170),
	(395, 0, 0, 0, 1170),
	(396, 0, 0, 0, 1170),
	(397, 0, 0, 0, 1170),
	(398, 0, 0, 0, 1170),
	(399, 0, 0, 0, 1170),
	(400, 0, 0, 0, 1170),
	(401, 0, 0, 0, 1170),
	(402, 0, 0, 0, 1170),
	(403, 0, 0, 0, 1170),
	(404, 0, 0, 0, 1170),
	(405, 0, 0, 0, 1170),
	(406, 0, 0, 0, 1170),
	(407, 0, 0, 0, 1170),
	(408, 0, 0, 0, 1170),
	(409, 0, 0, 0, 1170),
	(410, 0, 0, 0, 1170),
	(411, 0, 0, 0, 1170),
	(412, 0, 0, 0, 1170),
	(413, 0, 0, 0, 1177),
	(414, 0, 0, 0, 1170),
	(415, 0, 0, 0, 1170),
	(416, 0, 0, 0, 1170),
	(417, 0, 0, 0, 1170),
	(418, 0, 0, 0, 1170),
	(419, 0, 0, 0, 1170),
	(420, 0, 0, 0, 1170),
	(421, 0, 0, 0, 1170),
	(422, 0, 0, 850, 0),
	(423, 0, 0, 900, 0),
	(424, 0, 0, 0, 0),
	(425, 0, 0, 0, 0),
	(426, 0, 0, 0, 0),
	(427, 0, 0, 0, 0),
	(428, 0, 0, 0, 0),
	(429, 0, 0, 0, 0),
	(430, 0, 0, 900, 0),
	(431, 0, 0, 900, 0),
	(432, 36, 72, 900, 0),
	(433, 1280, 36, 72, 1255),
	(434, 0, 0, 900, 0),
	(435, 0, 0, 0, 0),
	(436, 0, 0, 60, 0),
	(437, 0, 0, 60, 0),
	(438, 0, 0, 60, 0),
	(439, 0, 0, 60, 0),
	(440, 0, 0, 60, 0),
	(441, 0, 0, 60, 0),
	(442, 0, 0, 60, 0),
	(443, 0, 0, 60, 0),
	(444, 0, 0, 60, 0),
	(445, 0, 0, 60, 0),
	(446, 0, 0, 60, 0),
	(447, 0, 0, 60, 0),
	(448, 0, 0, 60, 0),
	(449, 0, 0, 60, 0),
	(450, 0, 0, 60, 0),
	(451, 0, 0, 60, 0),
	(452, 0, 0, 60, 0),
	(453, 0, 0, 60, 0),
	(454, 0, 0, 60, 0),
	(455, 0, 0, 60, 0),
	(456, 0, 0, 0, 0),
	(457, 0, 0, 60, 0),
	(458, 0, 0, 60, 0),
	(459, 0, 0, 60, 0),
	(460, 0, 0, 60, 0),
	(461, 0, 0, 60, 0),
	(462, 0, 0, 60, 0),
	(463, 0, 0, 60, 0),
	(464, 0, 0, 60, 0),
	(465, 0, 0, 60, 0),
	(466, 0, 0, 60, 0),
	(467, 0, 0, 60, 0),
	(468, 0, 0, 60, 0),
	(469, 0, 0, 60, 0),
	(470, 0, 0, 60, 0),
	(471, 0, 0, 60, 0),
	(472, 0, 0, 60, 0),
	(473, 0, 0, 60, 0),
	(474, 0, 0, 0, 0),
	(475, 0, 0, 60, 0),
	(476, 0, 0, 60, 0),
	(477, 0, 0, 60, 0),
	(478, 0, 0, 60, 0),
	(479, 0, 0, 60, 0),
	(480, 0, 0, 60, 0),
	(481, 0, 0, 60, 0),
	(482, 0, 0, 60, 0),
	(483, 0, 0, 60, 0),
	(484, 0, 0, 60, 0),
	(485, 0, 0, 60, 0),
	(486, 0, 0, 60, 0),
	(487, 0, 0, 60, 0),
	(488, 0, 0, 60, 0),
	(489, 0, 0, 60, 0),
	(490, 0, 0, 60, 0),
	(491, 0, 0, 60, 0),
	(492, 0, 0, 0, 0),
	(493, 0, 0, 60, 0),
	(494, 0, 0, 0, 0),
	(495, 0, 0, 60, 0),
	(496, 0, 0, 60, 0),
	(497, 0, 0, 60, 0),
	(498, 0, 0, 60, 0),
	(499, 0, 0, 60, 0),
	(500, 0, 0, 60, 0),
	(501, 0, 0, 60, 0),
	(502, 0, 0, 60, 0),
	(503, 0, 0, 0, 0),
	(504, 0, 0, 60, 0),
	(505, 0, 0, 60, 0),
	(506, 0, 0, 0, 0),
	(507, 0, 0, 0, 0),
	(508, 0, 0, 60, 0),
	(509, 0, 0, 60, 0),
	(510, 0, 0, 60, 0),
	(511, 0, 0, 60, 0),
	(512, 0, 0, 60, 0),
	(513, 0, 0, 0, 0),
	(514, 0, 0, 60, 0),
	(515, 0, 0, 0, 0),
	(516, 0, 0, 0, 0),
	(517, 0, 0, 60, 0),
	(518, 0, 0, 60, 0),
	(519, 0, 0, 60, 0),
	(520, 0, 0, 60, 0),
	(521, 0, 0, 0, 0),
	(522, 0, 0, 0, 0),
	(523, 0, 0, 0, 0),
	(524, 0, 0, 0, 0),
	(525, 0, 0, 0, 0),
	(526, 0, 0, 0, 0),
	(527, 0, 0, 60, 0),
	(528, 0, 0, 0, 0),
	(529, 0, 0, 60, 0),
	(530, 0, 0, 0, 0),
	(531, 0, 0, 60, 0),
	(532, 0, 0, 60, 0),
	(533, 0, 0, 0, 0),
	(534, 0, 0, 0, 0),
	(535, 0, 0, 0, 0),
	(536, 0, 0, 60, 0),
	(537, 0, 0, 0, 0),
	(538, 0, 0, 0, 0),
	(539, 0, 0, 60, 0),
	(540, 0, 0, 60, 0),
	(541, 0, 0, 60, 0),
	(542, 0, 0, 60, 0),
	(543, 0, 0, 0, 0),
	(544, 0, 0, 630, 2),
	(545, 0, 0, 0, 0),
	(546, 0, 0, 60, 0),
	(547, 0, 0, 60, 0),
	(548, 0, 0, 60, 0),
	(549, 0, 0, 0, 0),
	(550, 0, 0, 60, 0),
	(551, 0, 0, 60, 0),
	(552, 0, 0, 0, 0),
	(553, 0, 0, 60, 0),
	(554, 0, 0, 0, 0),
	(555, 0, 0, 60, 0),
	(556, 0, 0, 60, 0),
	(557, 0, 0, 60, 0),
	(558, 0, 0, 60, 0),
	(559, 0, 0, 60, 0),
	(560, 0, 0, 60, 0),
	(561, 0, 0, 0, 0),
	(562, 0, 0, 60, 0),
	(563, 0, 0, 0, 0),
	(564, 0, 0, 60, 0),
	(565, 0, 0, 0, 0),
	(566, 0, 0, 0, 0),
	(567, 0, 0, 0, 0),
	(568, 0, 0, 60, 0),
	(569, 0, 0, 0, 0),
	(570, 0, 0, 0, 0),
	(571, 0, 0, 0, 0),
	(572, 0, 0, 60, 0),
	(573, 0, 0, 60, 0),
	(574, 0, 0, 60, 0),
	(575, 0, 0, 60, 0),
	(576, 0, 0, 60, 0),
	(577, 0, 0, 60, 0),
	(578, 0, 0, 60, 0),
	(579, 0, 0, 60, 0),
	(580, 0, 0, 60, 0),
	(581, 0, 0, 0, 0),
	(582, 0, 0, 60, 0),
	(583, 0, 0, 0, 0),
	(584, 0, 0, 0, 0),
	(585, 0, 0, 60, 0),
	(586, 0, 0, 0, 0),
	(587, 0, 0, 60, 0),
	(588, 0, 0, 0, 0),
	(589, 0, 0, 60, 0),
	(590, 0, 0, 60, 0),
	(591, 0, 0, 60, 0),
	(592, 0, 0, 60, 0),
	(593, 0, 0, 0, 0),
	(594, 0, 0, 0, 0),
	(595, 0, 0, 60, 0),
	(596, 0, 0, 0, 0),
	(597, 0, 0, 60, 0),
	(598, 0, 0, 60, 0),
	(599, 0, 0, 60, 0),
	(600, 0, 0, 60, 0),
	(601, 0, 0, 60, 0),
	(602, 0, 0, 0, 0),
	(603, 0, 0, 60, 0),
	(604, 0, 0, 60, 0),
	(605, 0, 0, 60, 0),
	(606, 0, 0, 0, 0),
	(607, 0, 0, 60, 0),
	(608, 0, 0, 0, 0),
	(609, 0, 0, 0, 0),
	(610, 0, 0, 0, 0),
	(611, 0, 0, 0, 0),
	(612, 0, 0, 60, 0),
	(613, 0, 0, 0, 0),
	(614, 0, 0, 0, 0),
	(615, 0, 0, 0, 0),
	(616, 0, 0, 0, 0),
	(617, 0, 0, 60, 0),
	(618, 0, 0, 60, 0),
	(619, 0, 0, 60, 0),
	(620, 0, 0, 0, 0),
	(621, 0, 0, 60, 0),
	(622, 0, 0, 60, 0),
	(623, 0, 0, 60, 0),
	(624, 0, 0, 60, 0),
	(625, 0, 0, 0, 0),
	(626, 0, 0, 60, 0),
	(627, 0, 0, 60, 0),
	(628, 0, 0, 60, 0),
	(629, 0, 0, 60, 0),
	(630, 0, 0, 60, 0),
	(631, 0, 0, 60, 0),
	(632, 0, 0, 0, 0),
	(633, 0, 0, 60, 0),
	(634, 0, 0, 60, 0),
	(635, 0, 0, 60, 0),
	(636, 0, 0, 60, 0),
	(637, 0, 0, 60, 0),
	(638, 0, 0, 60, 0),
	(639, 0, 0, 0, 0),
	(640, 0, 0, 60, 0),
	(641, 0, 0, 60, 0),
	(642, 0, 0, 60, 0),
	(643, 0, 0, 60, 0),
	(644, 0, 0, 60, 0),
	(645, 0, 0, 0, 0),
	(646, 0, 0, 0, 0),
	(647, 0, 0, 0, 0),
	(648, 0, 0, 0, 0),
	(649, 0, 0, 60, 0),
	(650, 0, 0, 60, 0),
	(651, 0, 0, 60, 0),
	(652, 0, 0, 60, 0),
	(653, 0, 0, 60, 0),
	(654, 0, 0, 60, 0),
	(655, 0, 0, 60, 0),
	(656, 0, 0, 60, 0),
	(657, 0, 0, 0, 0),
	(658, 0, 0, 60, 0),
	(659, 0, 0, 60, 0),
	(660, 0, 0, 60, 0),
	(661, 0, 0, 60, 0),
	(662, 0, 0, 0, 0),
	(663, 0, 0, 60, 0),
	(664, 0, 0, 60, 0),
	(665, 0, 0, 60, 0),
	(666, 0, 0, 0, 0),
	(667, 0, 0, 60, 0),
	(668, 0, 0, 60, 0),
	(669, 0, 0, 0, 0),
	(670, 0, 0, 0, 0),
	(671, 0, 0, 60, 0),
	(672, 0, 0, 60, 0),
	(673, 0, 0, 60, 0),
	(674, 0, 0, 60, 0),
	(675, 0, 0, 60, 0),
	(676, 0, 0, 60, 0),
	(677, 0, 0, 0, 0),
	(678, 0, 0, 720, 0),
	(679, 0, 0, 0, 0),
	(680, 0, 0, 0, 0),
	(681, 0, 0, 0, 0),
	(682, 0, 0, 0, 2),
	(683, 0, 0, 0, 0),
	(684, 0, 0, 0, 0),
	(685, 0, 0, 0, 0),
	(686, 0, 0, 0, 0),
	(687, 0, 0, 0, 0),
	(688, 0, 0, 0, 0),
	(689, 0, 0, 0, 0),
	(690, 0, 0, 0, 0),
	(691, 0, 0, 0, 0),
	(692, 0, 0, 75, 0),
	(693, 0, 0, 0, 0),
	(694, 0, 0, 0, 0),
	(695, 0, 0, 0, 0),
	(696, 0, 0, 0, 0),
	(697, 0, 0, 75, 0),
	(698, 0, 0, 0, 0),
	(699, 0, 0, 0, 0),
	(700, 0, 0, 0, 0),
	(701, 0, 0, 0, 0),
	(702, 0, 0, 0, 0),
	(703, 0, 0, 0, 0),
	(704, 0, 0, 0, 0),
	(705, 0, 0, 0, 0),
	(706, 0, 0, 0, 0),
	(707, 0, 0, 0, 0),
	(708, 0, 0, 0, 0),
	(709, 0, 0, 0, 0),
	(710, 0, 0, 0, 0),
	(711, 0, 0, 0, 0),
	(712, 0, 0, 0, 0),
	(713, 0, 0, 0, 0),
	(714, 0, 0, 0, 0),
	(715, 0, 0, 0, 0),
	(716, 0, 0, 0, 0),
	(717, 0, 0, 0, 0),
	(718, 0, 0, 0, 0),
	(719, 0, 0, 0, 0),
	(720, 0, 0, 81, 0),
	(721, 0, 0, 0, 0),
	(722, 0, 0, 720, 0),
	(723, 0, 0, 0, 0),
	(724, 0, 0, 93, 0),
	(725, 0, 0, 0, 0),
	(726, 0, 0, 0, 0),
	(727, 0, 0, 0, 0),
	(728, 0, 0, 0, 0),
	(729, 0, 0, 0, 0),
	(730, 0, 0, 0, 0),
	(731, 0, 0, 0, 0),
	(732, 0, 0, 0, 0),
	(733, 0, 0, 0, 0),
	(734, 0, 0, 0, 0),
	(735, 0, 0, 0, 0),
	(736, 0, 0, 0, 0),
	(737, 0, 0, 0, 0),
	(738, 0, 0, 0, 0),
	(739, 0, 0, 0, 0),
	(740, 0, 0, 0, 0),
	(741, 0, 0, 936, 0),
	(742, 0, 0, 936, 0),
	(743, 0, 0, 996, 0),
	(744, 0, 0, 996, 0),
	(745, 0, 0, 996, 0),
	(746, 0, 0, 63, 0),
	(747, 0, 0, 61, 0),
	(748, 0, 0, 61, 0),
	(749, 0, 0, 61, 0),
	(750, 0, 0, 61, 0),
	(751, 0, 0, 0, 0),
	(752, 0, 0, 0, 0),
	(753, 0, 0, 720, 0),
	(754, 0, 0, 63, 0),
	(755, 0, 0, 63, 0),
	(756, 0, 0, 0, 0),
	(757, 0, 0, 0, 0),
	(758, 0, 0, 760, 0),
	(759, 0, 0, 0, 0),
	(760, 0, 0, 41, 0),
	(761, 0, 0, 720, 0),
	(762, 0, 0, 60, 0),
	(763, 0, 0, 60, 0),
	(764, 0, 0, 60, 0),
	(765, 0, 0, 60, 0),
	(766, 0, 0, 0, 0),
	(767, 0, 0, 0, 0),
	(768, 0, 0, 0, 0),
	(769, 0, 0, 0, 0),
	(770, 0, 0, 90, 0),
	(771, 0, 0, 90, 0),
	(772, 0, 0, 0, 0),
	(773, 0, 0, 0, 0),
	(774, 0, 0, 0, 0),
	(775, 0, 0, 87, 0),
	(776, 0, 0, 87, 0),
	(777, 0, 0, 87, 0),
	(778, 0, 0, 87, 0),
	(779, 0, 0, 56, 0),
	(780, 0, 0, 0, 0),
	(781, 0, 0, 56, 0),
	(782, 0, 0, 0, 0),
	(783, 0, 0, 0, 0),
	(784, 0, 0, 0, 0),
	(785, 0, 0, 0, 0),
	(786, 0, 0, 0, 0),
	(787, 0, 0, 63, 0),
	(788, 0, 0, 40, 0),
	(789, 0, 0, 0, 0),
	(790, 0, 0, 0, 0),
	(791, 0, 0, 936, 0),
	(792, 0, 0, 44, 0),
	(793, 0, 0, 0, 0),
	(794, 0, 0, 0, 0),
	(795, 0, 0, 34, 0),
	(796, 0, 0, 34, 0),
	(797, 0, 0, 0, 0),
	(798, 0, 0, 0, 0),
	(799, 0, 0, 0, 0),
	(800, 0, 0, 0, 0),
	(801, 0, 0, 0, 0),
	(802, 0, 0, 0, 0),
	(803, 0, 0, 760, 0),
	(804, 0, 0, 0, 0),
	(805, 0, 0, 61, 0),
	(806, 0, 0, 0, 0),
	(807, 0, 0, 0, 0),
	(808, 0, 0, 0, 0),
	(809, 0, 0, 0, 0),
	(810, 0, 0, 52, 0),
	(811, 0, 0, 0, 0),
	(812, 0, 0, 0, 0),
	(813, 0, 0, 80, 0),
	(814, 0, 0, 0, 0),
	(815, 0, 0, 80, 0),
	(816, 0, 0, 0, 0),
	(817, 0, 0, 0, 0),
	(818, 0, 0, 0, 0),
	(819, 0, 0, 80, 0),
	(820, 0, 0, 80, 0),
	(821, 0, 0, 80, 0),
	(822, 0, 0, 80, 0),
	(823, 1580, 0, 0, 0),
	(824, 1490, 38, 0, 0),
	(825, 1580, 0, 0, 0),
	(826, 1490, 38, 0, 0),
	(827, 1580, 0, 0, 0),
	(828, 1490, 38, 0, 0),
	(829, 1580, 0, 0, 0),
	(830, 1580, 0, 0, 0),
	(831, 1580, 0, 0, 0),
	(832, 1490, 38, 0, 0),
	(833, 1580, 0, 0, 0),
	(834, 1580, 0, 0, 0),
	(835, 1490, 38, 0, 0),
	(836, 0, 0, 0, 0),
	(837, 0, 0, 1800, 0),
	(838, 0, 0, 1900, 2),
	(839, 0, 0, 1900, 2),
	(840, 0, 0, 1900, 2),
	(841, 0, 0, 900, 0),
	(842, 0, 0, 900, 0),
	(843, 0, 0, 900, 0),
	(844, 0, 0, 900, 0),
	(845, 0, 0, 800, 0),
	(846, 0, 0, 800, 0),
	(847, 0, 0, 720, 0),
	(848, 930, 26, 31, 0),
	(849, 0, 0, 0, 0),
	(850, 0, 0, 0, 0),
	(851, 0, 0, 800, 0),
	(852, 0, 0, 0, 0),
	(853, 0, 0, 0, 0),
	(854, 0, 0, 0, 0),
	(855, 0, 0, 0, 0),
	(856, 0, 0, 0, 0),
	(857, 0, 0, 0, 0),
	(858, 0, 0, 0, 0),
	(859, 0, 0, 0, 0),
	(860, 0, 0, 0, 0),
	(861, 0, 0, 0, 0),
	(862, 0, 0, 0, 0),
	(863, 0, 0, 0, 0),
	(864, 0, 0, 0, 0),
	(865, 0, 0, 0, 0),
	(866, 0, 0, 0, 0),
	(867, 0, 0, 0, 0),
	(868, 0, 0, 0, 0),
	(869, 0, 0, 0, 0),
	(870, 0, 0, 0, 0),
	(871, 0, 0, 52, 0),
	(872, 0, 0, 0, 0),
	(873, 0, 0, 0, 0),
	(874, 0, 0, 52, 0),
	(875, 0, 0, 0, 0),
	(876, 0, 0, 0, 0),
	(877, 0, 0, 0, 0),
	(878, 0, 0, 800, 0),
	(879, 0, 0, 7500, 0),
	(880, 0, 0, 1460, 0),
	(881, 0, 0, 720, 0),
	(882, 0, 0, 0, 0),
	(883, 0, 0, 720, 0),
	(884, 0, 0, 720, 0),
	(885, 0, 0, 720, 0),
	(886, 0, 0, 0, 0),
	(887, 0, 0, 750, 0),
	(888, 0, 0, 0, 0),
	(889, 0, 0, 0, 0),
	(890, 0, 0, 720, 0),
	(891, 0, 0, 800, 0),
	(892, 0, 0, 800, 0),
	(893, 0, 0, 800, 0),
	(894, 0, 0, 750, 0);
/*!40000 ALTER TABLE `lozne_rozmery` ENABLE KEYS */;

-- Dumping structure for table enisapp.podvozek
CREATE TABLE IF NOT EXISTS `podvozek` (
  `id` bigint(20) NOT NULL AUTO_INCREMENT,
  `pocet_clanku` bigint(20) NOT NULL,
  `pocet_naprav` bigint(20) NOT NULL,
  `pocet_podvozu` bigint(20) NOT NULL,
  `rozvor_podvozku` bigint(20) NOT NULL,
  `unosnost_konstrukcni` bigint(20) NOT NULL,
  `vzdal_otoc_cepu_podvozku` bigint(20) NOT NULL,
  PRIMARY KEY (`id`)
) ENGINE=InnoDB AUTO_INCREMENT=895 DEFAULT CHARSET=latin1;

-- Dumping data for table enisapp.podvozek: ~1,001 rows (approximately)
/*!40000 ALTER TABLE `podvozek` DISABLE KEYS */;
REPLACE INTO `podvozek` (`id`, `pocet_clanku`, `pocet_naprav`, `pocet_podvozu`, `rozvor_podvozku`, `unosnost_konstrukcni`, `vzdal_otoc_cepu_podvozku`) VALUES
	(1, 1, 2, 0, 0, 0, 0),
	(2, 0, 2, 0, 0, 0, 0),
	(3, 0, 2, 0, 0, 0, 0),
	(4, 0, 2, 0, 0, 0, 0),
	(5, 0, 2, 0, 0, 0, 0),
	(6, 0, 2, 0, 0, 0, 0),
	(7, 0, 2, 0, 0, 0, 0),
	(8, 0, 2, 0, 0, 0, 0),
	(9, 2, 4, 0, 0, 0, 0),
	(10, 2, 4, 0, 0, 0, 660),
	(11, 2, 4, 0, 0, 0, 1320),
	(12, 2, 4, 0, 0, 0, 0),
	(13, 2, 4, 0, 0, 0, 0),
	(14, 2, 4, 0, 0, 0, 0),
	(15, 2, 4, 0, 0, 0, 0),
	(16, 2, 4, 0, 0, 0, 0),
	(17, 2, 4, 0, 0, 0, 0),
	(18, 2, 4, 0, 0, 0, 0),
	(19, 2, 4, 0, 0, 0, 0),
	(20, 2, 4, 0, 0, 0, 0),
	(21, 2, 4, 0, 0, 0, 0),
	(22, 2, 4, 0, 0, 0, 0),
	(23, 2, 4, 0, 0, 0, 0),
	(24, 2, 4, 0, 0, 0, 0),
	(25, 2, 4, 0, 0, 0, 0),
	(26, 2, 4, 0, 0, 0, 0),
	(27, 1, 2, 0, 0, 0, 0),
	(28, 1, 2, 0, 0, 0, 0),
	(29, 1, 2, 0, 0, 0, 0),
	(30, 1, 4, 0, 180, 0, 1660),
	(31, 1, 4, 0, 180, 0, 1660),
	(32, 1, 4, 0, 180, 0, 1486),
	(33, 1, 4, 0, 180, 0, 1486),
	(34, 1, 4, 0, 180, 0, 1486),
	(35, 1, 4, 0, 180, 0, 1930),
	(36, 1, 4, 0, 180, 0, 1930),
	(37, 1, 4, 0, 180, 0, 1930),
	(38, 1, 4, 0, 180, 0, 1930),
	(39, 1, 4, 0, 180, 0, 1930),
	(40, 1, 4, 0, 180, 0, 1930),
	(41, 1, 4, 0, 180, 0, 1930),
	(42, 1, 4, 0, 180, 0, 1930),
	(43, 1, 4, 0, 180, 0, 1930),
	(44, 1, 4, 0, 180, 0, 1930),
	(45, 1, 4, 0, 180, 0, 1930),
	(46, 1, 4, 0, 180, 0, 1930),
	(47, 1, 4, 0, 180, 0, 1930),
	(48, 1, 4, 0, 180, 0, 1930),
	(49, 1, 4, 0, 180, 0, 1930),
	(50, 1, 4, 0, 180, 0, 1930),
	(51, 1, 4, 0, 180, 0, 1930),
	(52, 1, 4, 0, 180, 0, 1930),
	(53, 1, 4, 0, 180, 0, 1930),
	(54, 1, 4, 0, 180, 0, 1930),
	(55, 1, 4, 0, 180, 0, 1930),
	(56, 1, 4, 0, 180, 0, 1930),
	(57, 1, 4, 0, 180, 0, 1930),
	(58, 1, 4, 0, 180, 0, 1930),
	(59, 1, 4, 0, 180, 0, 1930),
	(60, 1, 4, 0, 180, 0, 1850),
	(61, 1, 4, 0, 180, 0, 1930),
	(62, 1, 4, 0, 180, 0, 1930),
	(63, 1, 4, 0, 180, 0, 1930),
	(64, 1, 4, 0, 180, 0, 1930),
	(65, 1, 4, 0, 180, 0, 1930),
	(66, 1, 4, 0, 180, 0, 1930),
	(67, 1, 4, 0, 180, 0, 1930),
	(68, 1, 4, 0, 180, 0, 1930),
	(69, 1, 4, 0, 180, 0, 1930),
	(70, 1, 4, 0, 180, 0, 1930),
	(71, 1, 4, 0, 180, 0, 1930),
	(72, 1, 4, 0, 180, 0, 1930),
	(73, 1, 4, 0, 180, 0, 1930),
	(74, 1, 4, 0, 180, 0, 1930),
	(75, 1, 4, 0, 180, 0, 1930),
	(76, 1, 4, 0, 180, 0, 1930),
	(77, 1, 4, 0, 180, 0, 1930),
	(78, 1, 4, 0, 185, 0, 1930),
	(79, 1, 4, 0, 180, 0, 1930),
	(80, 1, 4, 0, 180, 0, 1930),
	(81, 1, 4, 0, 180, 0, 1930),
	(82, 1, 4, 0, 180, 0, 1930),
	(83, 1, 4, 0, 180, 0, 1930),
	(84, 1, 4, 0, 180, 0, 1930),
	(85, 1, 4, 0, 180, 0, 1930),
	(86, 1, 4, 0, 180, 0, 1930),
	(87, 1, 4, 0, 180, 0, 1930),
	(88, 1, 4, 0, 180, 0, 1930),
	(89, 1, 4, 0, 180, 0, 1930),
	(90, 1, 4, 0, 180, 0, 1930),
	(91, 1, 4, 0, 180, 0, 1930),
	(92, 1, 4, 0, 180, 0, 1930),
	(93, 1, 4, 0, 180, 0, 1930),
	(94, 1, 4, 0, 180, 0, 1930),
	(95, 2, 6, 0, 180, 0, 1058),
	(96, 2, 6, 0, 180, 0, 1000),
	(97, 2, 6, 0, 180, 0, 1058),
	(98, 2, 6, 0, 180, 0, 1058),
	(99, 2, 6, 0, 180, 0, 1058),
	(100, 2, 6, 0, 180, 0, 1058),
	(101, 2, 6, 0, 180, 0, 1058),
	(102, 2, 6, 0, 180, 0, 1058),
	(103, 2, 6, 0, 180, 0, 1058),
	(104, 2, 6, 0, 180, 0, 1058),
	(105, 2, 6, 0, 180, 0, 1058),
	(106, 2, 6, 0, 180, 0, 1042),
	(107, 2, 6, 0, 180, 0, 1042),
	(108, 2, 6, 0, 180, 0, 1042),
	(109, 2, 6, 0, 180, 0, 1042),
	(110, 2, 6, 0, 180, 0, 1042),
	(111, 2, 6, 0, 180, 0, 1042),
	(112, 2, 6, 0, 180, 0, 1042),
	(113, 2, 6, 0, 180, 0, 1042),
	(114, 2, 6, 0, 180, 0, 1042),
	(115, 2, 6, 0, 180, 0, 1042),
	(116, 2, 6, 0, 180, 0, 1042),
	(117, 2, 6, 0, 180, 0, 1042),
	(118, 2, 6, 0, 180, 0, 1042),
	(119, 2, 6, 0, 180, 0, 1042),
	(120, 2, 6, 0, 180, 0, 1042),
	(121, 2, 6, 0, 180, 0, 1042),
	(122, 2, 6, 0, 180, 0, 1042),
	(123, 2, 6, 0, 180, 0, 1042),
	(124, 2, 6, 0, 180, 0, 1042),
	(125, 2, 6, 0, 180, 0, 1042),
	(126, 2, 6, 0, 180, 0, 1042),
	(127, 2, 6, 0, 180, 0, 1042),
	(128, 2, 6, 0, 180, 0, 1042),
	(129, 2, 6, 0, 180, 0, 1042),
	(130, 2, 6, 0, 180, 0, 1042),
	(131, 2, 6, 0, 180, 0, 1042),
	(132, 2, 6, 0, 180, 0, 1042),
	(133, 2, 6, 0, 180, 0, 1042),
	(134, 2, 6, 0, 180, 0, 1042),
	(135, 2, 6, 0, 180, 0, 1042),
	(136, 2, 6, 0, 180, 0, 1042),
	(137, 2, 6, 0, 180, 0, 1042),
	(138, 2, 6, 0, 180, 0, 1042),
	(139, 2, 6, 0, 180, 0, 1042),
	(140, 2, 6, 0, 180, 0, 1042),
	(141, 2, 6, 0, 180, 0, 1042),
	(142, 2, 6, 0, 180, 0, 1042),
	(143, 2, 6, 0, 180, 0, 1042),
	(144, 2, 6, 0, 180, 0, 1042),
	(145, 2, 6, 0, 180, 0, 1042),
	(146, 2, 6, 0, 180, 0, 1042),
	(147, 2, 6, 0, 180, 0, 1042),
	(148, 2, 6, 0, 180, 0, 1042),
	(149, 2, 6, 0, 180, 0, 1042),
	(150, 2, 6, 0, 180, 0, 1042),
	(151, 2, 6, 0, 180, 0, 1042),
	(152, 2, 6, 0, 180, 0, 1042),
	(153, 2, 6, 0, 180, 0, 1042),
	(154, 2, 6, 0, 180, 0, 1042),
	(155, 2, 6, 0, 180, 0, 1042),
	(156, 2, 6, 0, 180, 0, 1042),
	(157, 2, 6, 0, 180, 0, 1042),
	(158, 2, 6, 0, 180, 0, 1042),
	(159, 2, 6, 0, 180, 0, 1042),
	(160, 2, 6, 0, 180, 0, 1042),
	(161, 2, 6, 0, 180, 0, 1042),
	(162, 2, 6, 0, 180, 0, 1042),
	(163, 2, 6, 0, 180, 0, 1042),
	(164, 2, 6, 0, 180, 0, 1042),
	(165, 2, 6, 0, 180, 0, 1042),
	(166, 2, 6, 0, 180, 0, 1042),
	(167, 2, 6, 0, 180, 0, 1042),
	(168, 2, 6, 0, 180, 0, 1042),
	(169, 2, 6, 0, 180, 0, 1042),
	(170, 2, 6, 0, 180, 0, 1042),
	(171, 2, 6, 0, 180, 0, 1042),
	(172, 2, 6, 0, 180, 0, 1042),
	(173, 2, 6, 0, 180, 0, 1042),
	(174, 2, 6, 0, 180, 0, 1042),
	(175, 2, 6, 0, 180, 0, 1042),
	(176, 2, 6, 0, 180, 0, 1042),
	(177, 2, 6, 0, 180, 0, 1042),
	(178, 2, 6, 0, 180, 0, 1042),
	(179, 2, 6, 0, 180, 0, 1042),
	(180, 2, 6, 0, 180, 0, 1042),
	(181, 2, 6, 0, 180, 0, 1042),
	(182, 2, 6, 0, 180, 0, 1042),
	(183, 2, 6, 0, 180, 0, 1042),
	(184, 2, 6, 0, 180, 0, 1042),
	(185, 2, 6, 0, 180, 0, 1042),
	(186, 2, 6, 0, 180, 0, 1042),
	(187, 2, 6, 0, 180, 0, 1042),
	(188, 2, 6, 0, 180, 0, 1042),
	(189, 2, 6, 0, 180, 0, 1042),
	(190, 2, 6, 0, 180, 0, 1042),
	(191, 2, 6, 0, 180, 0, 1042),
	(192, 2, 6, 0, 180, 0, 1042),
	(193, 2, 6, 0, 180, 0, 1042),
	(194, 2, 6, 0, 180, 0, 1042),
	(195, 2, 6, 0, 180, 0, 1042),
	(196, 2, 6, 0, 180, 0, 1042),
	(197, 2, 6, 0, 180, 0, 1042),
	(198, 2, 6, 0, 180, 0, 1042),
	(199, 2, 6, 0, 180, 0, 1042),
	(200, 2, 6, 0, 180, 0, 1042),
	(201, 2, 6, 0, 180, 0, 1042),
	(202, 2, 6, 0, 180, 0, 1042),
	(203, 2, 6, 0, 180, 0, 1042),
	(204, 2, 6, 0, 180, 0, 1070),
	(205, 2, 6, 0, 180, 0, 1042),
	(206, 2, 6, 0, 180, 0, 1042),
	(207, 2, 6, 0, 180, 0, 1042),
	(208, 2, 6, 0, 180, 0, 1042),
	(209, 2, 6, 0, 180, 0, 1042),
	(210, 2, 6, 0, 180, 0, 1042),
	(211, 2, 6, 0, 180, 0, 1042),
	(212, 2, 6, 0, 180, 0, 1042),
	(213, 2, 6, 0, 180, 0, 1042),
	(214, 2, 6, 0, 180, 0, 1042),
	(215, 2, 6, 0, 180, 0, 1042),
	(216, 2, 6, 0, 180, 0, 1042),
	(217, 2, 6, 0, 180, 0, 1042),
	(218, 2, 6, 0, 180, 0, 1042),
	(219, 2, 6, 0, 180, 0, 1042),
	(220, 2, 6, 0, 180, 0, 1042),
	(221, 2, 6, 0, 180, 0, 1042),
	(222, 2, 6, 0, 180, 0, 1042),
	(223, 2, 6, 0, 180, 0, 1042),
	(224, 2, 6, 0, 180, 0, 1042),
	(225, 2, 6, 0, 180, 0, 1042),
	(226, 2, 6, 0, 180, 0, 1042),
	(227, 2, 6, 0, 180, 0, 1042),
	(228, 2, 6, 0, 180, 0, 1042),
	(229, 2, 6, 0, 180, 0, 1042),
	(230, 2, 6, 0, 180, 0, 1042),
	(231, 2, 6, 0, 180, 0, 1042),
	(232, 2, 6, 0, 180, 0, 1042),
	(233, 2, 6, 0, 180, 0, 1042),
	(234, 2, 6, 0, 180, 0, 1042),
	(235, 2, 6, 0, 180, 0, 1042),
	(236, 2, 6, 0, 180, 0, 1042),
	(237, 2, 6, 0, 180, 0, 1042),
	(238, 2, 6, 0, 180, 0, 1042),
	(239, 2, 6, 0, 180, 0, 1042),
	(240, 2, 6, 0, 180, 0, 1042),
	(241, 2, 6, 0, 180, 0, 1042),
	(242, 2, 6, 0, 180, 0, 1042),
	(243, 2, 6, 0, 180, 0, 1042),
	(244, 2, 6, 0, 180, 0, 1042),
	(245, 2, 6, 0, 180, 0, 1042),
	(246, 2, 6, 0, 180, 0, 1042),
	(247, 2, 6, 0, 180, 0, 1042),
	(248, 2, 6, 0, 180, 0, 1042),
	(249, 2, 6, 0, 180, 0, 1042),
	(250, 2, 6, 0, 180, 0, 1042),
	(251, 2, 6, 0, 180, 0, 1042),
	(252, 2, 6, 0, 180, 0, 1042),
	(253, 2, 6, 0, 180, 0, 1042),
	(254, 2, 6, 0, 180, 0, 1042),
	(255, 2, 6, 0, 180, 0, 1042),
	(256, 2, 6, 0, 180, 0, 1042),
	(257, 2, 6, 0, 180, 0, 1042),
	(258, 2, 6, 0, 180, 0, 1042),
	(259, 2, 6, 0, 180, 0, 1042),
	(260, 2, 6, 0, 180, 0, 1042),
	(261, 2, 6, 0, 180, 0, 1042),
	(262, 2, 6, 0, 180, 0, 1042),
	(263, 2, 6, 0, 180, 0, 1042),
	(264, 2, 6, 0, 180, 0, 1042),
	(265, 2, 6, 0, 180, 0, 1042),
	(266, 2, 6, 0, 180, 0, 1042),
	(267, 2, 6, 0, 180, 0, 1042),
	(268, 2, 6, 0, 180, 0, 1042),
	(269, 2, 6, 0, 180, 0, 1042),
	(270, 2, 6, 0, 180, 0, 1042),
	(271, 2, 6, 0, 180, 0, 1042),
	(272, 2, 6, 0, 180, 0, 1042),
	(273, 2, 6, 0, 180, 0, 1042),
	(274, 2, 6, 0, 180, 0, 1042),
	(275, 2, 6, 0, 180, 0, 1042),
	(276, 2, 6, 0, 180, 0, 1042),
	(277, 2, 6, 0, 180, 0, 1042),
	(278, 2, 6, 0, 180, 0, 1042),
	(279, 2, 6, 0, 180, 0, 1042),
	(280, 2, 6, 0, 180, 0, 1042),
	(281, 2, 6, 0, 180, 0, 1042),
	(282, 2, 6, 0, 180, 0, 1042),
	(283, 2, 6, 0, 180, 0, 1042),
	(284, 2, 6, 0, 180, 0, 1042),
	(285, 2, 6, 0, 180, 0, 1042),
	(286, 2, 6, 0, 180, 0, 1042),
	(287, 2, 6, 0, 180, 0, 1042),
	(288, 2, 6, 0, 180, 0, 1042),
	(289, 2, 6, 0, 180, 0, 1042),
	(290, 2, 6, 0, 180, 0, 1042),
	(291, 2, 6, 0, 180, 0, 1042),
	(292, 2, 6, 0, 180, 0, 1042),
	(293, 2, 6, 0, 180, 0, 1042),
	(294, 2, 6, 0, 180, 0, 1042),
	(295, 2, 6, 0, 180, 0, 1042),
	(296, 2, 6, 0, 180, 0, 1042),
	(297, 2, 6, 0, 180, 0, 1042),
	(298, 2, 6, 0, 180, 0, 1042),
	(299, 2, 6, 0, 180, 0, 1042),
	(300, 2, 6, 0, 180, 0, 1042),
	(301, 2, 6, 0, 180, 0, 1042),
	(302, 2, 6, 0, 180, 0, 1042),
	(303, 2, 6, 0, 180, 0, 1042),
	(304, 2, 6, 0, 180, 0, 1042),
	(305, 2, 6, 0, 180, 0, 1042),
	(306, 2, 6, 0, 180, 0, 1042),
	(307, 2, 6, 0, 180, 0, 1042),
	(308, 2, 6, 0, 180, 0, 1042),
	(309, 2, 6, 0, 180, 0, 1042),
	(310, 2, 6, 0, 180, 0, 1042),
	(311, 2, 6, 0, 180, 0, 1042),
	(312, 2, 6, 0, 180, 0, 1042),
	(313, 2, 6, 0, 180, 0, 1042),
	(314, 2, 6, 0, 180, 0, 1042),
	(315, 2, 6, 0, 180, 0, 1042),
	(316, 2, 6, 0, 180, 0, 1042),
	(317, 2, 6, 0, 180, 0, 1042),
	(318, 2, 6, 0, 180, 0, 1042),
	(319, 2, 6, 0, 180, 0, 1042),
	(320, 2, 6, 0, 180, 0, 1042),
	(321, 2, 6, 0, 180, 0, 1042),
	(322, 2, 6, 0, 180, 0, 1042),
	(323, 2, 6, 0, 180, 0, 1042),
	(324, 2, 6, 0, 180, 0, 1042),
	(325, 2, 6, 0, 180, 0, 1042),
	(326, 2, 6, 0, 180, 0, 1042),
	(327, 2, 6, 0, 180, 0, 1042),
	(328, 2, 6, 0, 180, 0, 1042),
	(329, 2, 6, 0, 180, 0, 1042),
	(330, 2, 6, 0, 180, 0, 1042),
	(331, 2, 6, 0, 180, 0, 1042),
	(332, 2, 6, 0, 180, 0, 1042),
	(333, 2, 6, 0, 180, 0, 1042),
	(334, 2, 6, 0, 180, 0, 1042),
	(335, 2, 6, 0, 180, 0, 1042),
	(336, 2, 6, 0, 180, 0, 1042),
	(337, 2, 6, 0, 180, 0, 1042),
	(338, 2, 6, 0, 180, 0, 1042),
	(339, 2, 6, 0, 180, 0, 1042),
	(340, 2, 6, 0, 180, 0, 1042),
	(341, 2, 6, 0, 180, 0, 1042),
	(342, 2, 6, 0, 180, 0, 1042),
	(343, 2, 6, 0, 180, 0, 1042),
	(344, 2, 6, 0, 180, 0, 1042),
	(345, 2, 6, 0, 180, 0, 1042),
	(346, 2, 6, 0, 180, 0, 1042),
	(347, 2, 6, 0, 180, 0, 1042),
	(348, 2, 6, 0, 180, 0, 1042),
	(349, 2, 6, 0, 180, 0, 1042),
	(350, 2, 6, 0, 180, 0, 1042),
	(351, 2, 6, 0, 180, 0, 1042),
	(352, 2, 6, 0, 180, 0, 1042),
	(353, 2, 6, 0, 180, 0, 1042),
	(354, 2, 6, 0, 180, 0, 1042),
	(355, 2, 6, 0, 180, 0, 1042),
	(356, 2, 6, 0, 180, 0, 1042),
	(357, 2, 6, 0, 180, 0, 1042),
	(358, 2, 6, 0, 180, 0, 1042),
	(359, 2, 6, 0, 180, 0, 1042),
	(360, 2, 6, 0, 180, 0, 1042),
	(361, 2, 6, 0, 180, 0, 1042),
	(362, 2, 6, 0, 180, 0, 1042),
	(363, 2, 6, 0, 180, 0, 1042),
	(364, 2, 6, 0, 180, 0, 1042),
	(365, 2, 6, 0, 180, 0, 1042),
	(366, 2, 6, 0, 180, 0, 1042),
	(367, 2, 6, 0, 180, 0, 1042),
	(368, 2, 6, 0, 180, 0, 1042),
	(369, 2, 6, 0, 180, 0, 1042),
	(370, 2, 6, 0, 180, 0, 1042),
	(371, 2, 6, 0, 180, 0, 1042),
	(372, 2, 6, 0, 180, 0, 1042),
	(373, 2, 6, 0, 180, 0, 1042),
	(374, 2, 6, 0, 180, 0, 1042),
	(375, 2, 6, 0, 180, 0, 1042),
	(376, 2, 6, 0, 180, 0, 1042),
	(377, 2, 6, 0, 180, 0, 1042),
	(378, 2, 6, 0, 180, 0, 1042),
	(379, 2, 6, 0, 180, 0, 1042),
	(380, 2, 6, 0, 180, 0, 1042),
	(381, 2, 6, 0, 180, 0, 1042),
	(382, 2, 6, 0, 180, 0, 1042),
	(383, 2, 6, 0, 180, 0, 1042),
	(384, 2, 6, 0, 180, 0, 1042),
	(385, 2, 6, 0, 180, 0, 1042),
	(386, 2, 6, 0, 180, 0, 1042),
	(387, 2, 6, 0, 180, 0, 1042),
	(388, 2, 6, 0, 180, 0, 1042),
	(389, 2, 6, 0, 180, 0, 1042),
	(390, 2, 6, 0, 180, 0, 1042),
	(391, 2, 6, 0, 180, 0, 1042),
	(392, 2, 6, 0, 180, 0, 1042),
	(393, 2, 6, 0, 180, 0, 1042),
	(394, 2, 6, 0, 180, 0, 1042),
	(395, 2, 6, 0, 180, 0, 1042),
	(396, 2, 6, 0, 180, 0, 1042),
	(397, 2, 6, 0, 180, 0, 1042),
	(398, 2, 6, 0, 180, 0, 1042),
	(399, 2, 6, 0, 180, 0, 1042),
	(400, 2, 6, 0, 180, 0, 1042),
	(401, 2, 6, 0, 180, 0, 1042),
	(402, 2, 6, 0, 180, 0, 1042),
	(403, 2, 6, 0, 180, 0, 1042),
	(404, 2, 6, 0, 180, 0, 1042),
	(405, 2, 6, 0, 180, 0, 1042),
	(406, 2, 6, 0, 180, 0, 1042),
	(407, 2, 6, 0, 180, 0, 1042),
	(408, 2, 6, 0, 180, 0, 1042),
	(409, 2, 6, 0, 180, 0, 1042),
	(410, 2, 6, 0, 180, 0, 1042),
	(411, 2, 6, 0, 180, 0, 1042),
	(412, 2, 6, 0, 180, 0, 1042),
	(413, 2, 6, 0, 180, 0, 1042),
	(414, 2, 6, 0, 180, 0, 1042),
	(415, 2, 6, 0, 180, 0, 1042),
	(416, 2, 6, 0, 180, 0, 1042),
	(417, 2, 6, 0, 180, 0, 1042),
	(418, 2, 6, 0, 180, 0, 1042),
	(419, 2, 6, 0, 180, 0, 1042),
	(420, 2, 6, 0, 180, 0, 1042),
	(421, 2, 6, 0, 180, 0, 1042),
	(422, 0, 4, 0, 0, 0, 180),
	(423, 0, 4, 0, 0, 0, 180),
	(424, 0, 4, 0, 0, 0, 0),
	(425, 0, 4, 0, 0, 0, 0),
	(426, 0, 4, 0, 0, 0, 0),
	(427, 0, 4, 0, 0, 0, 0),
	(428, 0, 4, 0, 0, 0, 0),
	(429, 0, 4, 0, 0, 0, 0),
	(430, 0, 4, 0, 0, 0, 180),
	(431, 0, 4, 0, 0, 0, 180),
	(432, 0, 4, 0, 0, 0, 1800),
	(433, 1, 4, 0, 180, 57, 900),
	(434, 0, 4, 0, 0, 0, 1800),
	(435, 1, 4, 0, 180, 0, 846),
	(436, 1, 4, 0, 180, 0, 630),
	(437, 1, 4, 0, 180, 0, 630),
	(438, 1, 4, 0, 180, 0, 630),
	(439, 1, 4, 0, 180, 0, 630),
	(440, 1, 4, 0, 180, 0, 630),
	(441, 1, 4, 0, 180, 0, 630),
	(442, 1, 4, 0, 180, 0, 0),
	(443, 1, 4, 0, 180, 0, 630),
	(444, 1, 4, 0, 180, 0, 630),
	(445, 1, 4, 0, 180, 0, 630),
	(446, 1, 4, 0, 180, 0, 630),
	(447, 1, 4, 0, 180, 0, 630),
	(448, 1, 4, 0, 180, 0, 630),
	(449, 1, 4, 0, 180, 0, 630),
	(450, 1, 4, 0, 180, 0, 630),
	(451, 1, 4, 0, 180, 0, 630),
	(452, 1, 4, 0, 180, 0, 630),
	(453, 1, 4, 0, 180, 0, 630),
	(454, 1, 4, 0, 180, 0, 630),
	(455, 1, 4, 0, 180, 0, 630),
	(456, 1, 4, 0, 180, 0, 630),
	(457, 1, 4, 0, 180, 0, 630),
	(458, 1, 4, 0, 180, 0, 600),
	(459, 1, 4, 0, 180, 0, 0),
	(460, 1, 4, 0, 180, 0, 630),
	(461, 1, 4, 0, 180, 0, 630),
	(462, 1, 4, 0, 180, 0, 900),
	(463, 1, 4, 0, 180, 0, 630),
	(464, 1, 4, 0, 180, 0, 630),
	(465, 1, 4, 0, 180, 0, 630),
	(466, 1, 4, 0, 180, 0, 630),
	(467, 1, 4, 0, 180, 0, 630),
	(468, 1, 4, 0, 180, 0, 630),
	(469, 1, 4, 0, 180, 0, 630),
	(470, 1, 4, 0, 180, 0, 630),
	(471, 1, 4, 0, 180, 0, 630),
	(472, 1, 4, 0, 180, 0, 630),
	(473, 1, 4, 0, 180, 0, 650),
	(474, 1, 4, 0, 180, 0, 630),
	(475, 1, 4, 0, 180, 0, 630),
	(476, 1, 4, 0, 180, 0, 630),
	(477, 1, 4, 0, 180, 0, 630),
	(478, 1, 4, 0, 180, 0, 630),
	(479, 1, 4, 0, 180, 0, 630),
	(480, 1, 4, 0, 180, 0, 630),
	(481, 1, 4, 0, 180, 0, 630),
	(482, 1, 4, 0, 180, 0, 630),
	(483, 1, 4, 0, 180, 0, 630),
	(484, 1, 4, 0, 180, 0, 630),
	(485, 1, 4, 0, 180, 0, 630),
	(486, 1, 4, 0, 180, 0, 630),
	(487, 1, 4, 0, 180, 0, 630),
	(488, 1, 4, 0, 180, 0, 630),
	(489, 1, 4, 0, 180, 0, 630),
	(490, 1, 4, 0, 180, 0, 630),
	(491, 1, 4, 0, 180, 0, 630),
	(492, 1, 4, 0, 180, 0, 630),
	(493, 1, 4, 0, 180, 0, 630),
	(494, 1, 4, 0, 180, 0, 630),
	(495, 1, 4, 0, 180, 0, 630),
	(496, 1, 4, 0, 180, 0, 630),
	(497, 1, 4, 0, 180, 0, 630),
	(498, 1, 4, 0, 180, 0, 600),
	(499, 1, 4, 0, 180, 0, 630),
	(500, 1, 4, 0, 180, 0, 630),
	(501, 1, 4, 0, 180, 0, 630),
	(502, 1, 4, 0, 180, 0, 630),
	(503, 1, 4, 0, 180, 0, 630),
	(504, 1, 4, 0, 180, 0, 630),
	(505, 1, 4, 0, 180, 0, 630),
	(506, 1, 4, 0, 180, 0, 630),
	(507, 1, 4, 0, 180, 0, 630),
	(508, 1, 4, 0, 180, 0, 630),
	(509, 1, 4, 0, 180, 0, 600),
	(510, 1, 4, 0, 180, 0, 0),
	(511, 1, 4, 0, 180, 0, 630),
	(512, 1, 4, 0, 180, 0, 630),
	(513, 1, 4, 0, 180, 0, 630),
	(514, 1, 4, 0, 180, 0, 650),
	(515, 1, 4, 0, 180, 0, 630),
	(516, 1, 4, 0, 180, 0, 630),
	(517, 1, 4, 0, 200, 0, 630),
	(518, 1, 4, 0, 180, 0, 630),
	(519, 1, 4, 0, 180, 0, 600),
	(520, 1, 4, 0, 180, 0, 630),
	(521, 1, 4, 0, 180, 0, 630),
	(522, 1, 4, 0, 180, 0, 630),
	(523, 1, 4, 0, 180, 0, 630),
	(524, 1, 4, 0, 180, 0, 630),
	(525, 1, 4, 0, 180, 0, 630),
	(526, 1, 4, 0, 180, 0, 630),
	(527, 1, 4, 0, 180, 0, 630),
	(528, 1, 4, 0, 180, 0, 630),
	(529, 1, 4, 0, 200, 0, 630),
	(530, 1, 4, 0, 180, 0, 630),
	(531, 1, 4, 0, 180, 0, 630),
	(532, 1, 4, 0, 180, 0, 600),
	(533, 1, 4, 0, 180, 0, 630),
	(534, 1, 4, 0, 180, 0, 630),
	(535, 1, 4, 0, 180, 0, 630),
	(536, 1, 4, 0, 180, 0, 630),
	(537, 1, 4, 0, 180, 0, 630),
	(538, 1, 4, 0, 200, 0, 0),
	(539, 1, 4, 0, 180, 0, 630),
	(540, 1, 4, 0, 180, 0, 630),
	(541, 1, 4, 0, 180, 0, 630),
	(542, 1, 4, 0, 180, 0, 630),
	(543, 1, 4, 0, 200, 0, 0),
	(544, 0, 4, 0, 0, 0, 180),
	(545, 1, 4, 0, 180, 0, 630),
	(546, 1, 4, 0, 180, 0, 630),
	(547, 1, 4, 0, 180, 0, 630),
	(548, 1, 4, 0, 180, 0, 630),
	(549, 1, 4, 0, 180, 0, 630),
	(550, 1, 4, 0, 180, 0, 630),
	(551, 1, 4, 0, 180, 0, 630),
	(552, 1, 4, 0, 180, 0, 630),
	(553, 1, 4, 0, 180, 0, 630),
	(554, 1, 4, 0, 200, 0, 630),
	(555, 1, 4, 0, 180, 0, 630),
	(556, 1, 4, 0, 180, 0, 630),
	(557, 1, 4, 0, 180, 0, 600),
	(558, 1, 4, 0, 180, 0, 630),
	(559, 1, 4, 0, 180, 0, 630),
	(560, 1, 4, 0, 180, 0, 630),
	(561, 1, 4, 0, 180, 0, 630),
	(562, 1, 4, 0, 180, 0, 630),
	(563, 1, 4, 0, 180, 0, 630),
	(564, 1, 4, 0, 180, 0, 630),
	(565, 1, 4, 0, 180, 0, 630),
	(566, 1, 4, 0, 180, 0, 900),
	(567, 1, 4, 0, 180, 0, 630),
	(568, 1, 4, 0, 180, 0, 630),
	(569, 1, 4, 0, 180, 0, 630),
	(570, 1, 4, 0, 180, 0, 630),
	(571, 1, 4, 0, 180, 0, 630),
	(572, 1, 4, 0, 180, 0, 630),
	(573, 1, 4, 0, 180, 0, 630),
	(574, 1, 4, 0, 180, 0, 630),
	(575, 1, 4, 0, 180, 0, 630),
	(576, 1, 4, 0, 180, 0, 630),
	(577, 1, 4, 0, 180, 0, 630),
	(578, 1, 4, 0, 180, 0, 630),
	(579, 1, 4, 0, 180, 0, 630),
	(580, 1, 4, 0, 180, 0, 630),
	(581, 1, 4, 0, 180, 0, 630),
	(582, 1, 4, 0, 180, 0, 630),
	(583, 1, 4, 0, 180, 0, 630),
	(584, 1, 4, 0, 180, 0, 630),
	(585, 1, 4, 0, 180, 0, 630),
	(586, 1, 4, 0, 180, 0, 0),
	(587, 1, 4, 0, 180, 0, 630),
	(588, 1, 4, 0, 180, 0, 630),
	(589, 1, 4, 0, 180, 0, 630),
	(590, 1, 4, 0, 180, 0, 630),
	(591, 1, 4, 0, 180, 0, 630),
	(592, 1, 4, 0, 180, 0, 630),
	(593, 1, 4, 0, 180, 0, 630),
	(594, 1, 4, 0, 180, 0, 630),
	(595, 1, 4, 0, 180, 0, 600),
	(596, 1, 4, 0, 200, 0, 630),
	(597, 1, 4, 0, 180, 0, 630),
	(598, 1, 4, 0, 180, 0, 630),
	(599, 1, 4, 0, 180, 0, 600),
	(600, 1, 4, 0, 180, 0, 630),
	(601, 1, 4, 0, 180, 0, 630),
	(602, 1, 4, 0, 200, 0, 630),
	(603, 1, 4, 0, 180, 0, 630),
	(604, 1, 4, 0, 180, 0, 630),
	(605, 1, 4, 0, 180, 0, 630),
	(606, 1, 4, 0, 180, 0, 620),
	(607, 1, 4, 0, 180, 0, 630),
	(608, 1, 4, 0, 180, 0, 630),
	(609, 1, 4, 0, 180, 0, 630),
	(610, 1, 4, 0, 180, 0, 630),
	(611, 1, 4, 0, 180, 0, 630),
	(612, 1, 4, 0, 180, 0, 600),
	(613, 1, 4, 0, 180, 0, 630),
	(614, 1, 4, 0, 180, 0, 631),
	(615, 1, 4, 0, 180, 0, 630),
	(616, 1, 4, 0, 180, 0, 630),
	(617, 1, 4, 0, 180, 0, 630),
	(618, 1, 4, 0, 180, 0, 630),
	(619, 1, 4, 0, 180, 0, 630),
	(620, 1, 4, 0, 180, 0, 630),
	(621, 1, 4, 0, 180, 0, 630),
	(622, 1, 4, 0, 180, 0, 630),
	(623, 1, 4, 0, 180, 0, 630),
	(624, 1, 4, 0, 180, 0, 630),
	(625, 1, 4, 0, 180, 0, 630),
	(626, 1, 4, 0, 180, 0, 630),
	(627, 1, 4, 0, 180, 0, 630),
	(628, 1, 4, 0, 180, 0, 630),
	(629, 1, 4, 0, 180, 0, 630),
	(630, 1, 4, 0, 180, 0, 630),
	(631, 1, 4, 0, 180, 0, 630),
	(632, 1, 4, 0, 180, 0, 630),
	(633, 1, 4, 0, 180, 0, 630),
	(634, 1, 4, 0, 180, 0, 630),
	(635, 1, 4, 0, 180, 0, 630),
	(636, 1, 4, 0, 180, 0, 630),
	(637, 1, 4, 0, 180, 0, 630),
	(638, 1, 4, 0, 180, 0, 630),
	(639, 1, 4, 0, 180, 0, 630),
	(640, 1, 4, 0, 180, 0, 630),
	(641, 1, 4, 0, 180, 0, 630),
	(642, 1, 4, 0, 180, 0, 630),
	(643, 1, 4, 0, 180, 0, 630),
	(644, 1, 4, 0, 180, 0, 630),
	(645, 1, 4, 0, 180, 0, 630),
	(646, 1, 4, 0, 180, 0, 630),
	(647, 1, 4, 0, 180, 0, 630),
	(648, 1, 4, 0, 180, 0, 630),
	(649, 1, 4, 0, 180, 0, 630),
	(650, 1, 4, 0, 180, 0, 630),
	(651, 1, 4, 0, 180, 0, 630),
	(652, 1, 4, 0, 180, 0, 630),
	(653, 1, 4, 0, 180, 0, 630),
	(654, 1, 4, 0, 180, 0, 630),
	(655, 1, 4, 0, 180, 0, 630),
	(656, 1, 4, 0, 180, 0, 630),
	(657, 1, 4, 0, 180, 0, 0),
	(658, 1, 4, 0, 180, 0, 630),
	(659, 1, 4, 0, 180, 0, 630),
	(660, 1, 4, 0, 180, 0, 630),
	(661, 1, 4, 0, 180, 0, 630),
	(662, 1, 4, 0, 200, 0, 630),
	(663, 1, 4, 0, 180, 0, 0),
	(664, 1, 4, 0, 180, 0, 630),
	(665, 1, 4, 0, 180, 0, 630),
	(666, 1, 4, 0, 180, 0, 0),
	(667, 1, 4, 0, 180, 0, 630),
	(668, 1, 4, 0, 180, 0, 630),
	(669, 1, 4, 0, 180, 0, 630),
	(670, 1, 4, 0, 180, 0, 630),
	(671, 1, 4, 0, 180, 0, 630),
	(672, 1, 4, 0, 180, 0, 630),
	(673, 1, 4, 0, 180, 0, 630),
	(674, 1, 4, 0, 180, 0, 630),
	(675, 1, 4, 0, 180, 0, 1000),
	(676, 1, 4, 0, 180, 0, 630),
	(677, 1, 4, 0, 180, 0, 630),
	(678, 0, 4, 0, 0, 0, 135),
	(679, 1, 4, 0, 180, 0, 720),
	(680, 1, 4, 0, 180, 0, 720),
	(681, 1, 4, 0, 180, 0, 0),
	(682, 0, 4, 0, 0, 0, 180),
	(683, 1, 4, 0, 180, 0, 720),
	(684, 1, 4, 0, 180, 0, 720),
	(685, 1, 4, 0, 180, 0, 720),
	(686, 1, 4, 0, 180, 0, 720),
	(687, 1, 4, 0, 180, 0, 720),
	(688, 1, 4, 0, 180, 0, 720),
	(689, 1, 4, 0, 180, 0, 720),
	(690, 1, 4, 0, 180, 0, 720),
	(691, 1, 4, 0, 180, 0, 720),
	(692, 1, 4, 0, 180, 0, 720),
	(693, 1, 4, 0, 180, 0, 720),
	(694, 1, 4, 0, 180, 0, 720),
	(695, 1, 4, 0, 180, 0, 720),
	(696, 1, 4, 0, 180, 0, 720),
	(697, 1, 4, 0, 180, 0, 720),
	(698, 1, 4, 0, 180, 0, 720),
	(699, 1, 4, 0, 180, 0, 720),
	(700, 1, 4, 0, 180, 0, 1660),
	(701, 1, 4, 0, 180, 0, 1660),
	(702, 1, 4, 0, 180, 0, 1660),
	(703, 1, 4, 0, 180, 0, 1660),
	(704, 1, 4, 0, 180, 0, 1660),
	(705, 1, 4, 0, 180, 0, 1660),
	(706, 1, 4, 0, 180, 0, 1660),
	(707, 1, 4, 0, 180, 0, 1660),
	(708, 1, 4, 0, 180, 0, 1660),
	(709, 1, 4, 0, 180, 0, 1660),
	(710, 1, 4, 0, 180, 0, 1660),
	(711, 1, 4, 0, 180, 0, 1660),
	(712, 1, 4, 0, 180, 0, 1660),
	(713, 1, 4, 0, 180, 0, 1660),
	(714, 1, 4, 0, 180, 0, 1660),
	(715, 1, 4, 0, 180, 0, 1660),
	(716, 1, 4, 0, 180, 0, 1660),
	(717, 1, 4, 0, 180, 0, 1660),
	(718, 1, 4, 0, 180, 0, 1660),
	(719, 1, 4, 0, 180, 0, 1660),
	(720, 1, 4, 0, 180, 0, 1660),
	(721, 1, 4, 0, 180, 0, 1660),
	(722, 0, 4, 0, 0, 0, 200),
	(723, 1, 4, 0, 180, 0, 936),
	(724, 1, 4, 0, 180, 0, 1140),
	(725, 1, 4, 0, 180, 0, 1146),
	(726, 1, 4, 0, 180, 0, 1146),
	(727, 1, 4, 0, 180, 0, 1146),
	(728, 1, 4, 0, 180, 0, 1146),
	(729, 1, 4, 0, 180, 0, 1146),
	(730, 1, 4, 0, 180, 0, 1146),
	(731, 1, 4, 0, 180, 0, 1146),
	(732, 1, 4, 0, 180, 0, 1146),
	(733, 1, 4, 0, 180, 0, 1146),
	(734, 1, 4, 0, 180, 0, 1146),
	(735, 1, 4, 0, 180, 0, 1146),
	(736, 1, 4, 0, 180, 0, 1146),
	(737, 1, 4, 0, 180, 0, 1146),
	(738, 1, 4, 0, 180, 0, 1146),
	(739, 1, 4, 0, 180, 0, 1146),
	(740, 1, 4, 0, 180, 0, 1146),
	(741, 0, 4, 0, 0, 0, 180),
	(742, 0, 4, 0, 0, 0, 180),
	(743, 0, 4, 0, 0, 0, 180),
	(744, 0, 4, 0, 0, 0, 180),
	(745, 0, 4, 0, 0, 0, 180),
	(746, 1, 4, 0, 180, 0, 760),
	(747, 1, 4, 0, 180, 0, 680),
	(748, 1, 4, 0, 180, 0, 720),
	(749, 1, 4, 0, 200, 0, 720),
	(750, 1, 4, 0, 180, 0, 720),
	(751, 1, 4, 0, 180, 0, 720),
	(752, 1, 4, 0, 180, 0, 720),
	(753, 0, 4, 0, 0, 0, 200),
	(754, 1, 4, 0, 180, 0, 760),
	(755, 1, 4, 0, 180, 0, 750),
	(756, 0, 4, 0, 0, 0, 0),
	(757, 0, 4, 0, 0, 0, 0),
	(758, 0, 4, 0, 0, 0, 0),
	(759, 1, 4, 0, 180, 0, 760),
	(760, 1, 4, 0, 180, 0, 760),
	(761, 0, 4, 0, 0, 0, 200),
	(762, 1, 4, 0, 200, 0, 720),
	(763, 1, 4, 0, 180, 0, 720),
	(764, 1, 4, 0, 200, 0, 720),
	(765, 1, 4, 0, 180, 0, 720),
	(766, 1, 4, 0, 180, 0, 720),
	(767, 1, 4, 0, 180, 0, 1140),
	(768, 1, 4, 0, 180, 0, 1140),
	(769, 1, 4, 0, 180, 0, 1140),
	(770, 1, 4, 0, 180, 0, 1140),
	(771, 1, 4, 0, 180, 0, 1140),
	(772, 1, 4, 0, 180, 0, 1140),
	(773, 1, 4, 0, 180, 0, 1085),
	(774, 1, 4, 0, 200, 0, 1200),
	(775, 1, 4, 0, 180, 0, 1144),
	(776, 1, 4, 0, 180, 0, 1140),
	(777, 1, 4, 0, 180, 0, 1140),
	(778, 1, 4, 0, 180, 0, 1140),
	(779, 1, 4, 0, 180, 0, 936),
	(780, 1, 4, 0, 180, 0, 936),
	(781, 1, 4, 0, 180, 0, 936),
	(782, 1, 4, 0, 180, 0, 1500),
	(783, 1, 4, 0, 180, 0, 760),
	(784, 1, 4, 0, 180, 0, 760),
	(785, 0, 4, 0, 0, 0, 0),
	(786, 0, 4, 0, 0, 0, 0),
	(787, 1, 4, 0, 180, 0, 760),
	(788, 1, 4, 0, 180, 0, 760),
	(789, 1, 4, 0, 180, 0, 760),
	(790, 1, 4, 0, 180, 0, 1200),
	(791, 0, 4, 0, 0, 0, 180),
	(792, 1, 4, 0, 180, 0, 936),
	(793, 1, 4, 0, 180, 0, 936),
	(794, 1, 4, 0, 180, 0, 1200),
	(795, 1, 4, 0, 180, 0, 936),
	(796, 1, 4, 0, 180, 0, 940),
	(797, 1, 4, 0, 180, 0, 930),
	(798, 1, 4, 0, 180, 0, 1035),
	(799, 1, 4, 0, 180, 0, 1035),
	(800, 1, 4, 0, 180, 0, 1035),
	(801, 1, 4, 0, 180, 0, 1035),
	(802, 1, 4, 0, 180, 0, 1035),
	(803, 0, 4, 0, 0, 0, 180),
	(804, 1, 4, 0, 180, 0, 760),
	(805, 1, 4, 0, 180, 0, 760),
	(806, 1, 4, 0, 180, 0, 900),
	(807, 1, 4, 0, 180, 0, 760),
	(808, 1, 4, 0, 180, 0, 760),
	(809, 1, 4, 0, 180, 0, 760),
	(810, 1, 4, 0, 180, 0, 760),
	(811, 1, 4, 0, 180, 0, 760),
	(812, 1, 4, 0, 180, 0, 760),
	(813, 1, 4, 0, 180, 0, 1210),
	(814, 1, 4, 0, 180, 0, 1210),
	(815, 1, 4, 0, 180, 0, 1210),
	(816, 1, 4, 0, 180, 0, 1210),
	(817, 1, 4, 0, 180, 0, 1210),
	(818, 1, 4, 0, 180, 0, 1210),
	(819, 1, 4, 0, 180, 0, 1210),
	(820, 1, 4, 0, 180, 0, 1210),
	(821, 1, 4, 0, 180, 0, 1210),
	(822, 1, 4, 0, 180, 0, 1210),
	(823, 1, 2, 0, 0, 0, 1040),
	(824, 1, 2, 0, 0, 0, 0),
	(825, 1, 2, 0, 0, 0, 1040),
	(826, 1, 2, 0, 0, 0, 0),
	(827, 1, 2, 0, 0, 0, 104),
	(828, 1, 2, 0, 0, 0, 0),
	(829, 1, 2, 0, 0, 0, 0),
	(830, 1, 2, 0, 0, 0, 0),
	(831, 1, 2, 0, 180, 0, 1040),
	(832, 1, 2, 0, 0, 0, 0),
	(833, 1, 2, 0, 0, 0, 0),
	(834, 1, 2, 0, 0, 0, 1040),
	(835, 1, 2, 0, 0, 0, 0),
	(836, 1, 2, 0, 0, 0, 0),
	(837, 0, 4, 0, 0, 0, 0),
	(838, 0, 4, 0, 0, 0, 250),
	(839, 0, 4, 0, 0, 0, 250),
	(840, 0, 4, 0, 0, 0, 250),
	(841, 0, 4, 0, 0, 0, 180),
	(842, 0, 4, 0, 0, 0, 180),
	(843, 0, 4, 0, 0, 0, 180),
	(844, 0, 4, 0, 0, 0, 180),
	(845, 0, 4, 0, 0, 0, 200),
	(846, 0, 4, 0, 0, 0, 200),
	(847, 0, 4, 0, 0, 0, 200),
	(848, 1, 4, 0, 180, 0, 750),
	(849, 1, 4, 0, 200, 0, 800),
	(850, 1, 4, 0, 200, 0, 800),
	(851, 0, 4, 0, 0, 0, 0),
	(852, 1, 4, 0, 200, 0, 800),
	(853, 1, 4, 0, 200, 0, 800),
	(854, 1, 4, 0, 200, 0, 800),
	(855, 1, 4, 0, 200, 0, 800),
	(856, 1, 4, 0, 200, 0, 800),
	(857, 1, 4, 0, 200, 0, 800),
	(858, 1, 4, 0, 200, 0, 800),
	(859, 1, 4, 0, 200, 0, 800),
	(860, 0, 4, 0, 0, 0, 0),
	(861, 0, 4, 0, 0, 0, 200),
	(862, 1, 4, 0, 200, 0, 800),
	(863, 0, 4, 0, 0, 0, 0),
	(864, 0, 4, 0, 0, 0, 0),
	(865, 0, 4, 0, 0, 0, 0),
	(866, 0, 4, 0, 0, 0, 0),
	(867, 0, 4, 0, 0, 0, 0),
	(868, 0, 4, 0, 0, 0, 0),
	(869, 1, 4, 0, 200, 0, 800),
	(870, 1, 4, 0, 200, 0, 800),
	(871, 1, 4, 0, 200, 0, 800),
	(872, 1, 4, 0, 200, 0, 800),
	(873, 1, 4, 0, 200, 0, 800),
	(874, 1, 4, 0, 200, 0, 800),
	(875, 1, 4, 0, 200, 0, 800),
	(876, 1, 4, 0, 200, 0, 800),
	(877, 1, 4, 0, 200, 0, 800),
	(878, 0, 4, 0, 0, 0, 0),
	(879, 0, 4, 0, 0, 0, 2000),
	(880, 0, 4, 0, 0, 0, 186),
	(881, 0, 4, 0, 0, 0, 200),
	(882, 0, 4, 0, 0, 0, 0),
	(883, 0, 4, 0, 0, 0, 200),
	(884, 0, 4, 0, 0, 0, 200),
	(885, 0, 4, 0, 0, 0, 200),
	(886, 0, 4, 0, 0, 0, 720),
	(887, 0, 4, 0, 0, 0, 0),
	(888, 0, 4, 0, 0, 0, 0),
	(889, 0, 4, 0, 0, 0, 0),
	(890, 0, 4, 0, 0, 0, 200),
	(891, 0, 4, 0, 0, 0, 200),
	(892, 0, 4, 0, 0, 0, 0),
	(893, 0, 4, 0, 0, 0, 200),
	(894, 0, 4, 0, 0, 0, 180);
/*!40000 ALTER TABLE `podvozek` ENABLE KEYS */;

-- Dumping structure for table enisapp.revize
CREATE TABLE IF NOT EXISTS `revize` (
  `id` bigint(20) NOT NULL AUTO_INCREMENT,
  `datum_pos_revize` tinyblob NOT NULL,
  `reviz_lhuta` bigint(20) NOT NULL,
  PRIMARY KEY (`id`)
) ENGINE=InnoDB AUTO_INCREMENT=895 DEFAULT CHARSET=latin1;

-- Dumping data for table enisapp.revize: ~745 rows (approximately)
/*!40000 ALTER TABLE `revize` DISABLE KEYS */;
REPLACE INTO `revize` (`id`, `datum_pos_revize`, `reviz_lhuta`) VALUES
	(1, _binary 0xACED00057372000D6A6176612E74696D652E536572955D84BA1B2248B20C00007870770703C4653601010178, 0),
	(2, _binary 0xACED00057372000D6A6176612E74696D652E536572955D84BA1B2248B20C00007870770703C4653601010178, 0),
	(3, _binary 0xACED00057372000D6A6176612E74696D652E536572955D84BA1B2248B20C00007870770703C4653601010178, 0),
	(4, _binary 0xACED00057372000D6A6176612E74696D652E536572955D84BA1B2248B20C00007870770703C4653601010178, 0),
	(5, _binary 0xACED00057372000D6A6176612E74696D652E536572955D84BA1B2248B20C00007870770703C4653601010178, 0),
	(6, _binary 0xACED00057372000D6A6176612E74696D652E536572955D84BA1B2248B20C00007870770703C4653601010178, 0),
	(7, _binary 0xACED00057372000D6A6176612E74696D652E536572955D84BA1B2248B20C00007870770703C4653601010178, 0),
	(8, _binary 0xACED00057372000D6A6176612E74696D652E536572955D84BA1B2248B20C00007870770703C4653601010178, 0),
	(9, _binary 0xACED00057372000D6A6176612E74696D652E536572955D84BA1B2248B20C00007870770703C4653601010178, 0),
	(10, _binary 0xACED00057372000D6A6176612E74696D652E536572955D84BA1B2248B20C00007870770703C4653601010178, 0),
	(11, _binary 0xACED00057372000D6A6176612E74696D652E536572955D84BA1B2248B20C00007870770703C4653601010178, 0),
	(12, _binary 0xACED00057372000D6A6176612E74696D652E536572955D84BA1B2248B20C00007870770703C4653601010178, 0),
	(13, _binary 0xACED00057372000D6A6176612E74696D652E536572955D84BA1B2248B20C00007870770703C4653601010178, 0),
	(14, _binary 0xACED00057372000D6A6176612E74696D652E536572955D84BA1B2248B20C00007870770703C4653601010178, 0),
	(15, _binary 0xACED00057372000D6A6176612E74696D652E536572955D84BA1B2248B20C00007870770703C4653601010178, 0),
	(16, _binary 0xACED00057372000D6A6176612E74696D652E536572955D84BA1B2248B20C00007870770703C4653601010178, 0),
	(17, _binary 0xACED00057372000D6A6176612E74696D652E536572955D84BA1B2248B20C00007870770703C4653601010178, 0),
	(18, _binary 0xACED00057372000D6A6176612E74696D652E536572955D84BA1B2248B20C00007870770703C4653601010178, 0),
	(19, _binary 0xACED00057372000D6A6176612E74696D652E536572955D84BA1B2248B20C00007870770703C4653601010178, 0),
	(20, _binary 0xACED00057372000D6A6176612E74696D652E536572955D84BA1B2248B20C00007870770703C4653601010178, 0),
	(21, _binary 0xACED00057372000D6A6176612E74696D652E536572955D84BA1B2248B20C00007870770703C4653601010178, 0),
	(22, _binary 0xACED00057372000D6A6176612E74696D652E536572955D84BA1B2248B20C00007870770703C4653601010178, 0),
	(23, _binary 0xACED00057372000D6A6176612E74696D652E536572955D84BA1B2248B20C00007870770703C4653601010178, 0),
	(24, _binary 0xACED00057372000D6A6176612E74696D652E536572955D84BA1B2248B20C00007870770703C4653601010178, 0),
	(25, _binary 0xACED00057372000D6A6176612E74696D652E536572955D84BA1B2248B20C00007870770703C4653601010178, 0),
	(26, _binary 0xACED00057372000D6A6176612E74696D652E536572955D84BA1B2248B20C00007870770703C4653601010178, 0),
	(27, _binary 0xACED00057372000D6A6176612E74696D652E536572955D84BA1B2248B20C00007870770703C4653601010178, 0),
	(28, _binary 0xACED00057372000D6A6176612E74696D652E536572955D84BA1B2248B20C00007870770703C4653601010178, 0),
	(29, _binary 0xACED00057372000D6A6176612E74696D652E536572955D84BA1B2248B20C00007870770703C4653601010178, 0),
	(30, _binary 0xACED00057372000D6A6176612E74696D652E536572955D84BA1B2248B20C00007870770703C4653601010178, 0),
	(31, _binary 0xACED00057372000D6A6176612E74696D652E536572955D84BA1B2248B20C00007870770703C4653601010178, 0),
	(32, _binary 0xACED00057372000D6A6176612E74696D652E536572955D84BA1B2248B20C00007870770703C4653601010178, 0),
	(33, _binary 0xACED00057372000D6A6176612E74696D652E536572955D84BA1B2248B20C00007870770703C4653601010178, 0),
	(34, _binary 0xACED00057372000D6A6176612E74696D652E536572955D84BA1B2248B20C00007870770703C4653601010178, 0),
	(35, _binary 0xACED00057372000D6A6176612E74696D652E536572955D84BA1B2248B20C00007870770703C4653601010178, 0),
	(36, _binary 0xACED00057372000D6A6176612E74696D652E536572955D84BA1B2248B20C00007870770703C4653601010178, 0),
	(37, _binary 0xACED00057372000D6A6176612E74696D652E536572955D84BA1B2248B20C00007870770703C4653601010178, 0),
	(38, _binary 0xACED00057372000D6A6176612E74696D652E536572955D84BA1B2248B20C00007870770703C4653601010178, 0),
	(39, _binary 0xACED00057372000D6A6176612E74696D652E536572955D84BA1B2248B20C00007870770703C4653601010178, 0),
	(40, _binary 0xACED00057372000D6A6176612E74696D652E536572955D84BA1B2248B20C00007870770703C4653601010178, 0),
	(41, _binary 0xACED00057372000D6A6176612E74696D652E536572955D84BA1B2248B20C00007870770703C4653601010178, 0),
	(42, _binary 0xACED00057372000D6A6176612E74696D652E536572955D84BA1B2248B20C00007870770703C4653601010178, 0),
	(43, _binary 0xACED00057372000D6A6176612E74696D652E536572955D84BA1B2248B20C00007870770703C4653601010178, 0),
	(44, _binary 0xACED00057372000D6A6176612E74696D652E536572955D84BA1B2248B20C00007870770703C4653601010178, 0),
	(45, _binary 0xACED00057372000D6A6176612E74696D652E536572955D84BA1B2248B20C00007870770703C4653601010178, 0),
	(46, _binary 0xACED00057372000D6A6176612E74696D652E536572955D84BA1B2248B20C00007870770703C4653601010178, 0),
	(47, _binary 0xACED00057372000D6A6176612E74696D652E536572955D84BA1B2248B20C00007870770703C4653601010178, 0),
	(48, _binary 0xACED00057372000D6A6176612E74696D652E536572955D84BA1B2248B20C00007870770703C4653601010178, 0),
	(49, _binary 0xACED00057372000D6A6176612E74696D652E536572955D84BA1B2248B20C00007870770703C4653601010178, 0),
	(50, _binary 0xACED00057372000D6A6176612E74696D652E536572955D84BA1B2248B20C00007870770703C4653601010178, 0),
	(51, _binary 0xACED00057372000D6A6176612E74696D652E536572955D84BA1B2248B20C00007870770703C4653601010178, 0),
	(52, _binary 0xACED00057372000D6A6176612E74696D652E536572955D84BA1B2248B20C00007870770703C4653601010178, 0),
	(53, _binary 0xACED00057372000D6A6176612E74696D652E536572955D84BA1B2248B20C00007870770703C4653601010178, 0),
	(54, _binary 0xACED00057372000D6A6176612E74696D652E536572955D84BA1B2248B20C00007870770703C4653601010178, 0),
	(55, _binary 0xACED00057372000D6A6176612E74696D652E536572955D84BA1B2248B20C00007870770703C4653601010178, 0),
	(56, _binary 0xACED00057372000D6A6176612E74696D652E536572955D84BA1B2248B20C00007870770703C4653601010178, 0),
	(57, _binary 0xACED00057372000D6A6176612E74696D652E536572955D84BA1B2248B20C00007870770703C4653601010178, 0),
	(58, _binary 0xACED00057372000D6A6176612E74696D652E536572955D84BA1B2248B20C00007870770703C4653601010178, 0),
	(59, _binary 0xACED00057372000D6A6176612E74696D652E536572955D84BA1B2248B20C00007870770703C4653601010178, 0),
	(60, _binary 0xACED00057372000D6A6176612E74696D652E536572955D84BA1B2248B20C00007870770703C4653601010178, 0),
	(61, _binary 0xACED00057372000D6A6176612E74696D652E536572955D84BA1B2248B20C00007870770703C4653601010178, 0),
	(62, _binary 0xACED00057372000D6A6176612E74696D652E536572955D84BA1B2248B20C00007870770703C4653601010178, 0),
	(63, _binary 0xACED00057372000D6A6176612E74696D652E536572955D84BA1B2248B20C00007870770703C4653601010178, 0),
	(64, _binary 0xACED00057372000D6A6176612E74696D652E536572955D84BA1B2248B20C00007870770703C4653601010178, 0),
	(65, _binary 0xACED00057372000D6A6176612E74696D652E536572955D84BA1B2248B20C00007870770703C4653601010178, 0),
	(66, _binary 0xACED00057372000D6A6176612E74696D652E536572955D84BA1B2248B20C00007870770703C4653601010178, 0),
	(67, _binary 0xACED00057372000D6A6176612E74696D652E536572955D84BA1B2248B20C00007870770703C4653601010178, 0),
	(68, _binary 0xACED00057372000D6A6176612E74696D652E536572955D84BA1B2248B20C00007870770703C4653601010178, 0),
	(69, _binary 0xACED00057372000D6A6176612E74696D652E536572955D84BA1B2248B20C00007870770703C4653601010178, 0),
	(70, _binary 0xACED00057372000D6A6176612E74696D652E536572955D84BA1B2248B20C00007870770703C4653601010178, 0),
	(71, _binary 0xACED00057372000D6A6176612E74696D652E536572955D84BA1B2248B20C00007870770703C4653601010178, 0),
	(72, _binary 0xACED00057372000D6A6176612E74696D652E536572955D84BA1B2248B20C00007870770703C4653601010178, 0),
	(73, _binary 0xACED00057372000D6A6176612E74696D652E536572955D84BA1B2248B20C00007870770703C4653601010178, 0),
	(74, _binary 0xACED00057372000D6A6176612E74696D652E536572955D84BA1B2248B20C00007870770703C4653601010178, 0),
	(75, _binary 0xACED00057372000D6A6176612E74696D652E536572955D84BA1B2248B20C00007870770703C4653601010178, 0),
	(76, _binary 0xACED00057372000D6A6176612E74696D652E536572955D84BA1B2248B20C00007870770703C4653601010178, 0),
	(77, _binary 0xACED00057372000D6A6176612E74696D652E536572955D84BA1B2248B20C00007870770703C4653601010178, 0),
	(78, _binary 0xACED00057372000D6A6176612E74696D652E536572955D84BA1B2248B20C00007870770703C4653601010178, 0),
	(79, _binary 0xACED00057372000D6A6176612E74696D652E536572955D84BA1B2248B20C00007870770703C4653601010178, 0),
	(80, _binary 0xACED00057372000D6A6176612E74696D652E536572955D84BA1B2248B20C00007870770703C4653601010178, 0),
	(81, _binary 0xACED00057372000D6A6176612E74696D652E536572955D84BA1B2248B20C00007870770703C4653601010178, 0),
	(82, _binary 0xACED00057372000D6A6176612E74696D652E536572955D84BA1B2248B20C00007870770703C4653601010178, 0),
	(83, _binary 0xACED00057372000D6A6176612E74696D652E536572955D84BA1B2248B20C00007870770703C4653601010178, 0),
	(84, _binary 0xACED00057372000D6A6176612E74696D652E536572955D84BA1B2248B20C00007870770703C4653601010178, 0),
	(85, _binary 0xACED00057372000D6A6176612E74696D652E536572955D84BA1B2248B20C00007870770703C4653601010178, 0),
	(86, _binary 0xACED00057372000D6A6176612E74696D652E536572955D84BA1B2248B20C00007870770703C4653601010178, 0),
	(87, _binary 0xACED00057372000D6A6176612E74696D652E536572955D84BA1B2248B20C00007870770703C4653601010178, 0),
	(88, _binary 0xACED00057372000D6A6176612E74696D652E536572955D84BA1B2248B20C00007870770703C4653601010178, 0),
	(89, _binary 0xACED00057372000D6A6176612E74696D652E536572955D84BA1B2248B20C00007870770703C4653601010178, 0),
	(90, _binary 0xACED00057372000D6A6176612E74696D652E536572955D84BA1B2248B20C00007870770703C4653601010178, 0),
	(91, _binary 0xACED00057372000D6A6176612E74696D652E536572955D84BA1B2248B20C00007870770703C4653601010178, 0),
	(92, _binary 0xACED00057372000D6A6176612E74696D652E536572955D84BA1B2248B20C00007870770703C4653601010178, 0),
	(93, _binary 0xACED00057372000D6A6176612E74696D652E536572955D84BA1B2248B20C00007870770703C4653601010178, 0),
	(94, _binary 0xACED00057372000D6A6176612E74696D652E536572955D84BA1B2248B20C00007870770703C4653601010178, 0),
	(95, _binary 0xACED00057372000D6A6176612E74696D652E536572955D84BA1B2248B20C00007870770703C4653601010178, 0),
	(96, _binary 0xACED00057372000D6A6176612E74696D652E536572955D84BA1B2248B20C00007870770703C4653601010178, 0),
	(97, _binary 0xACED00057372000D6A6176612E74696D652E536572955D84BA1B2248B20C00007870770703C4653601010178, 0),
	(98, _binary 0xACED00057372000D6A6176612E74696D652E536572955D84BA1B2248B20C00007870770703C4653601010178, 0),
	(99, _binary 0xACED00057372000D6A6176612E74696D652E536572955D84BA1B2248B20C00007870770703C4653601010178, 0),
	(100, _binary 0xACED00057372000D6A6176612E74696D652E536572955D84BA1B2248B20C00007870770703C4653601010178, 0),
	(101, _binary 0xACED00057372000D6A6176612E74696D652E536572955D84BA1B2248B20C00007870770703C4653601010178, 0),
	(102, _binary 0xACED00057372000D6A6176612E74696D652E536572955D84BA1B2248B20C00007870770703C4653601010178, 0),
	(103, _binary 0xACED00057372000D6A6176612E74696D652E536572955D84BA1B2248B20C00007870770703C4653601010178, 0),
	(104, _binary 0xACED00057372000D6A6176612E74696D652E536572955D84BA1B2248B20C00007870770703C4653601010178, 0),
	(105, _binary 0xACED00057372000D6A6176612E74696D652E536572955D84BA1B2248B20C00007870770703C4653601010178, 0),
	(106, _binary 0xACED00057372000D6A6176612E74696D652E536572955D84BA1B2248B20C00007870770703C4653601010178, 0),
	(107, _binary 0xACED00057372000D6A6176612E74696D652E536572955D84BA1B2248B20C00007870770703C4653601010178, 0),
	(108, _binary 0xACED00057372000D6A6176612E74696D652E536572955D84BA1B2248B20C00007870770703C4653601010178, 0),
	(109, _binary 0xACED00057372000D6A6176612E74696D652E536572955D84BA1B2248B20C00007870770703C4653601010178, 0),
	(110, _binary 0xACED00057372000D6A6176612E74696D652E536572955D84BA1B2248B20C00007870770703C4653601010178, 0),
	(111, _binary 0xACED00057372000D6A6176612E74696D652E536572955D84BA1B2248B20C00007870770703C4653601010178, 0),
	(112, _binary 0xACED00057372000D6A6176612E74696D652E536572955D84BA1B2248B20C00007870770703C4653601010178, 0),
	(113, _binary 0xACED00057372000D6A6176612E74696D652E536572955D84BA1B2248B20C00007870770703C4653601010178, 0),
	(114, _binary 0xACED00057372000D6A6176612E74696D652E536572955D84BA1B2248B20C00007870770703C4653601010178, 0),
	(115, _binary 0xACED00057372000D6A6176612E74696D652E536572955D84BA1B2248B20C00007870770703C4653601010178, 0),
	(116, _binary 0xACED00057372000D6A6176612E74696D652E536572955D84BA1B2248B20C00007870770703C4653601010178, 0),
	(117, _binary 0xACED00057372000D6A6176612E74696D652E536572955D84BA1B2248B20C00007870770703C4653601010178, 0),
	(118, _binary 0xACED00057372000D6A6176612E74696D652E536572955D84BA1B2248B20C00007870770703C4653601010178, 0),
	(119, _binary 0xACED00057372000D6A6176612E74696D652E536572955D84BA1B2248B20C00007870770703C4653601010178, 0),
	(120, _binary 0xACED00057372000D6A6176612E74696D652E536572955D84BA1B2248B20C00007870770703C4653601010178, 0),
	(121, _binary 0xACED00057372000D6A6176612E74696D652E536572955D84BA1B2248B20C00007870770703C4653601010178, 0),
	(122, _binary 0xACED00057372000D6A6176612E74696D652E536572955D84BA1B2248B20C00007870770703C4653601010178, 0),
	(123, _binary 0xACED00057372000D6A6176612E74696D652E536572955D84BA1B2248B20C00007870770703C4653601010178, 0),
	(124, _binary 0xACED00057372000D6A6176612E74696D652E536572955D84BA1B2248B20C00007870770703C4653601010178, 0),
	(125, _binary 0xACED00057372000D6A6176612E74696D652E536572955D84BA1B2248B20C00007870770703C4653601010178, 0),
	(126, _binary 0xACED00057372000D6A6176612E74696D652E536572955D84BA1B2248B20C00007870770703C4653601010178, 0),
	(127, _binary 0xACED00057372000D6A6176612E74696D652E536572955D84BA1B2248B20C00007870770703C4653601010178, 0),
	(128, _binary 0xACED00057372000D6A6176612E74696D652E536572955D84BA1B2248B20C00007870770703C4653601010178, 0),
	(129, _binary 0xACED00057372000D6A6176612E74696D652E536572955D84BA1B2248B20C00007870770703C4653601010178, 0),
	(130, _binary 0xACED00057372000D6A6176612E74696D652E536572955D84BA1B2248B20C00007870770703C4653601010178, 0),
	(131, _binary 0xACED00057372000D6A6176612E74696D652E536572955D84BA1B2248B20C00007870770703C4653601010178, 0),
	(132, _binary 0xACED00057372000D6A6176612E74696D652E536572955D84BA1B2248B20C00007870770703C4653601010178, 0),
	(133, _binary 0xACED00057372000D6A6176612E74696D652E536572955D84BA1B2248B20C00007870770703C4653601010178, 0),
	(134, _binary 0xACED00057372000D6A6176612E74696D652E536572955D84BA1B2248B20C00007870770703C4653601010178, 0),
	(135, _binary 0xACED00057372000D6A6176612E74696D652E536572955D84BA1B2248B20C00007870770703C4653601010178, 0),
	(136, _binary 0xACED00057372000D6A6176612E74696D652E536572955D84BA1B2248B20C00007870770703C4653601010178, 0),
	(137, _binary 0xACED00057372000D6A6176612E74696D652E536572955D84BA1B2248B20C00007870770703C4653601010178, 0),
	(138, _binary 0xACED00057372000D6A6176612E74696D652E536572955D84BA1B2248B20C00007870770703C4653601010178, 0),
	(139, _binary 0xACED00057372000D6A6176612E74696D652E536572955D84BA1B2248B20C00007870770703C4653601010178, 0),
	(140, _binary 0xACED00057372000D6A6176612E74696D652E536572955D84BA1B2248B20C00007870770703C4653601010178, 0),
	(141, _binary 0xACED00057372000D6A6176612E74696D652E536572955D84BA1B2248B20C00007870770703C4653601010178, 0),
	(142, _binary 0xACED00057372000D6A6176612E74696D652E536572955D84BA1B2248B20C00007870770703C4653601010178, 0),
	(143, _binary 0xACED00057372000D6A6176612E74696D652E536572955D84BA1B2248B20C00007870770703C4653601010178, 0),
	(144, _binary 0xACED00057372000D6A6176612E74696D652E536572955D84BA1B2248B20C00007870770703C4653601010178, 0),
	(145, _binary 0xACED00057372000D6A6176612E74696D652E536572955D84BA1B2248B20C00007870770703C4653601010178, 0),
	(146, _binary 0xACED00057372000D6A6176612E74696D652E536572955D84BA1B2248B20C00007870770703C4653601010178, 0),
	(147, _binary 0xACED00057372000D6A6176612E74696D652E536572955D84BA1B2248B20C00007870770703C4653601010178, 0),
	(148, _binary 0xACED00057372000D6A6176612E74696D652E536572955D84BA1B2248B20C00007870770703C4653601010178, 0),
	(149, _binary 0xACED00057372000D6A6176612E74696D652E536572955D84BA1B2248B20C00007870770703C4653601010178, 0),
	(150, _binary 0xACED00057372000D6A6176612E74696D652E536572955D84BA1B2248B20C00007870770703C4653601010178, 0),
	(151, _binary 0xACED00057372000D6A6176612E74696D652E536572955D84BA1B2248B20C00007870770703C4653601010178, 0),
	(152, _binary 0xACED00057372000D6A6176612E74696D652E536572955D84BA1B2248B20C00007870770703C4653601010178, 0),
	(153, _binary 0xACED00057372000D6A6176612E74696D652E536572955D84BA1B2248B20C00007870770703C4653601010178, 0),
	(154, _binary 0xACED00057372000D6A6176612E74696D652E536572955D84BA1B2248B20C00007870770703C4653601010178, 0),
	(155, _binary 0xACED00057372000D6A6176612E74696D652E536572955D84BA1B2248B20C00007870770703C4653601010178, 0),
	(156, _binary 0xACED00057372000D6A6176612E74696D652E536572955D84BA1B2248B20C00007870770703C4653601010178, 0),
	(157, _binary 0xACED00057372000D6A6176612E74696D652E536572955D84BA1B2248B20C00007870770703C4653601010178, 0),
	(158, _binary 0xACED00057372000D6A6176612E74696D652E536572955D84BA1B2248B20C00007870770703C4653601010178, 0),
	(159, _binary 0xACED00057372000D6A6176612E74696D652E536572955D84BA1B2248B20C00007870770703C4653601010178, 0),
	(160, _binary 0xACED00057372000D6A6176612E74696D652E536572955D84BA1B2248B20C00007870770703C4653601010178, 0),
	(161, _binary 0xACED00057372000D6A6176612E74696D652E536572955D84BA1B2248B20C00007870770703C4653601010178, 0),
	(162, _binary 0xACED00057372000D6A6176612E74696D652E536572955D84BA1B2248B20C00007870770703C4653601010178, 0),
	(163, _binary 0xACED00057372000D6A6176612E74696D652E536572955D84BA1B2248B20C00007870770703C4653601010178, 0),
	(164, _binary 0xACED00057372000D6A6176612E74696D652E536572955D84BA1B2248B20C00007870770703C4653601010178, 0),
	(165, _binary 0xACED00057372000D6A6176612E74696D652E536572955D84BA1B2248B20C00007870770703C4653601010178, 0),
	(166, _binary 0xACED00057372000D6A6176612E74696D652E536572955D84BA1B2248B20C00007870770703C4653601010178, 0),
	(167, _binary 0xACED00057372000D6A6176612E74696D652E536572955D84BA1B2248B20C00007870770703C4653601010178, 0),
	(168, _binary 0xACED00057372000D6A6176612E74696D652E536572955D84BA1B2248B20C00007870770703C4653601010178, 0),
	(169, _binary 0xACED00057372000D6A6176612E74696D652E536572955D84BA1B2248B20C00007870770703C4653601010178, 0),
	(170, _binary 0xACED00057372000D6A6176612E74696D652E536572955D84BA1B2248B20C00007870770703C4653601010178, 0),
	(171, _binary 0xACED00057372000D6A6176612E74696D652E536572955D84BA1B2248B20C00007870770703C4653601010178, 0),
	(172, _binary 0xACED00057372000D6A6176612E74696D652E536572955D84BA1B2248B20C00007870770703C4653601010178, 0),
	(173, _binary 0xACED00057372000D6A6176612E74696D652E536572955D84BA1B2248B20C00007870770703C4653601010178, 0),
	(174, _binary 0xACED00057372000D6A6176612E74696D652E536572955D84BA1B2248B20C00007870770703C4653601010178, 0),
	(175, _binary 0xACED00057372000D6A6176612E74696D652E536572955D84BA1B2248B20C00007870770703C4653601010178, 0),
	(176, _binary 0xACED00057372000D6A6176612E74696D652E536572955D84BA1B2248B20C00007870770703C4653601010178, 0),
	(177, _binary 0xACED00057372000D6A6176612E74696D652E536572955D84BA1B2248B20C00007870770703C4653601010178, 0),
	(178, _binary 0xACED00057372000D6A6176612E74696D652E536572955D84BA1B2248B20C00007870770703C4653601010178, 0),
	(179, _binary 0xACED00057372000D6A6176612E74696D652E536572955D84BA1B2248B20C00007870770703C4653601010178, 0),
	(180, _binary 0xACED00057372000D6A6176612E74696D652E536572955D84BA1B2248B20C00007870770703C4653601010178, 0),
	(181, _binary 0xACED00057372000D6A6176612E74696D652E536572955D84BA1B2248B20C00007870770703C4653601010178, 0),
	(182, _binary 0xACED00057372000D6A6176612E74696D652E536572955D84BA1B2248B20C00007870770703C4653601010178, 0),
	(183, _binary 0xACED00057372000D6A6176612E74696D652E536572955D84BA1B2248B20C00007870770703C4653601010178, 0),
	(184, _binary 0xACED00057372000D6A6176612E74696D652E536572955D84BA1B2248B20C00007870770703C4653601010178, 0),
	(185, _binary 0xACED00057372000D6A6176612E74696D652E536572955D84BA1B2248B20C00007870770703C4653601010178, 0),
	(186, _binary 0xACED00057372000D6A6176612E74696D652E536572955D84BA1B2248B20C00007870770703C4653601010178, 0),
	(187, _binary 0xACED00057372000D6A6176612E74696D652E536572955D84BA1B2248B20C00007870770703C4653601010178, 0),
	(188, _binary 0xACED00057372000D6A6176612E74696D652E536572955D84BA1B2248B20C00007870770703C4653601010178, 0),
	(189, _binary 0xACED00057372000D6A6176612E74696D652E536572955D84BA1B2248B20C00007870770703C4653601010178, 0),
	(190, _binary 0xACED00057372000D6A6176612E74696D652E536572955D84BA1B2248B20C00007870770703C4653601010178, 0),
	(191, _binary 0xACED00057372000D6A6176612E74696D652E536572955D84BA1B2248B20C00007870770703C4653601010178, 0),
	(192, _binary 0xACED00057372000D6A6176612E74696D652E536572955D84BA1B2248B20C00007870770703C4653601010178, 0),
	(193, _binary 0xACED00057372000D6A6176612E74696D652E536572955D84BA1B2248B20C00007870770703C4653601010178, 0),
	(194, _binary 0xACED00057372000D6A6176612E74696D652E536572955D84BA1B2248B20C00007870770703C4653601010178, 0),
	(195, _binary 0xACED00057372000D6A6176612E74696D652E536572955D84BA1B2248B20C00007870770703C4653601010178, 0),
	(196, _binary 0xACED00057372000D6A6176612E74696D652E536572955D84BA1B2248B20C00007870770703C4653601010178, 0),
	(197, _binary 0xACED00057372000D6A6176612E74696D652E536572955D84BA1B2248B20C00007870770703C4653601010178, 0),
	(198, _binary 0xACED00057372000D6A6176612E74696D652E536572955D84BA1B2248B20C00007870770703C4653601010178, 0),
	(199, _binary 0xACED00057372000D6A6176612E74696D652E536572955D84BA1B2248B20C00007870770703C4653601010178, 0),
	(200, _binary 0xACED00057372000D6A6176612E74696D652E536572955D84BA1B2248B20C00007870770703C4653601010178, 0),
	(201, _binary 0xACED00057372000D6A6176612E74696D652E536572955D84BA1B2248B20C00007870770703C4653601010178, 0),
	(202, _binary 0xACED00057372000D6A6176612E74696D652E536572955D84BA1B2248B20C00007870770703C4653601010178, 0),
	(203, _binary 0xACED00057372000D6A6176612E74696D652E536572955D84BA1B2248B20C00007870770703C4653601010178, 0),
	(204, _binary 0xACED00057372000D6A6176612E74696D652E536572955D84BA1B2248B20C00007870770703C4653601010178, 0),
	(205, _binary 0xACED00057372000D6A6176612E74696D652E536572955D84BA1B2248B20C00007870770703C4653601010178, 0),
	(206, _binary 0xACED00057372000D6A6176612E74696D652E536572955D84BA1B2248B20C00007870770703C4653601010178, 0),
	(207, _binary 0xACED00057372000D6A6176612E74696D652E536572955D84BA1B2248B20C00007870770703C4653601010178, 0),
	(208, _binary 0xACED00057372000D6A6176612E74696D652E536572955D84BA1B2248B20C00007870770703C4653601010178, 0),
	(209, _binary 0xACED00057372000D6A6176612E74696D652E536572955D84BA1B2248B20C00007870770703C4653601010178, 0),
	(210, _binary 0xACED00057372000D6A6176612E74696D652E536572955D84BA1B2248B20C00007870770703C4653601010178, 0),
	(211, _binary 0xACED00057372000D6A6176612E74696D652E536572955D84BA1B2248B20C00007870770703C4653601010178, 0),
	(212, _binary 0xACED00057372000D6A6176612E74696D652E536572955D84BA1B2248B20C00007870770703C4653601010178, 0),
	(213, _binary 0xACED00057372000D6A6176612E74696D652E536572955D84BA1B2248B20C00007870770703C4653601010178, 0),
	(214, _binary 0xACED00057372000D6A6176612E74696D652E536572955D84BA1B2248B20C00007870770703C4653601010178, 0),
	(215, _binary 0xACED00057372000D6A6176612E74696D652E536572955D84BA1B2248B20C00007870770703C4653601010178, 0),
	(216, _binary 0xACED00057372000D6A6176612E74696D652E536572955D84BA1B2248B20C00007870770703C4653601010178, 0),
	(217, _binary 0xACED00057372000D6A6176612E74696D652E536572955D84BA1B2248B20C00007870770703C4653601010178, 0),
	(218, _binary 0xACED00057372000D6A6176612E74696D652E536572955D84BA1B2248B20C00007870770703C4653601010178, 0),
	(219, _binary 0xACED00057372000D6A6176612E74696D652E536572955D84BA1B2248B20C00007870770703C4653601010178, 0),
	(220, _binary 0xACED00057372000D6A6176612E74696D652E536572955D84BA1B2248B20C00007870770703C4653601010178, 0),
	(221, _binary 0xACED00057372000D6A6176612E74696D652E536572955D84BA1B2248B20C00007870770703C4653601010178, 0),
	(222, _binary 0xACED00057372000D6A6176612E74696D652E536572955D84BA1B2248B20C00007870770703C4653601010178, 0),
	(223, _binary 0xACED00057372000D6A6176612E74696D652E536572955D84BA1B2248B20C00007870770703C4653601010178, 0),
	(224, _binary 0xACED00057372000D6A6176612E74696D652E536572955D84BA1B2248B20C00007870770703C4653601010178, 0),
	(225, _binary 0xACED00057372000D6A6176612E74696D652E536572955D84BA1B2248B20C00007870770703C4653601010178, 0),
	(226, _binary 0xACED00057372000D6A6176612E74696D652E536572955D84BA1B2248B20C00007870770703C4653601010178, 0),
	(227, _binary 0xACED00057372000D6A6176612E74696D652E536572955D84BA1B2248B20C00007870770703C4653601010178, 0),
	(228, _binary 0xACED00057372000D6A6176612E74696D652E536572955D84BA1B2248B20C00007870770703C4653601010178, 0),
	(229, _binary 0xACED00057372000D6A6176612E74696D652E536572955D84BA1B2248B20C00007870770703C4653601010178, 0),
	(230, _binary 0xACED00057372000D6A6176612E74696D652E536572955D84BA1B2248B20C00007870770703C4653601010178, 0),
	(231, _binary 0xACED00057372000D6A6176612E74696D652E536572955D84BA1B2248B20C00007870770703C4653601010178, 0),
	(232, _binary 0xACED00057372000D6A6176612E74696D652E536572955D84BA1B2248B20C00007870770703C4653601010178, 0),
	(233, _binary 0xACED00057372000D6A6176612E74696D652E536572955D84BA1B2248B20C00007870770703C4653601010178, 0),
	(234, _binary 0xACED00057372000D6A6176612E74696D652E536572955D84BA1B2248B20C00007870770703C4653601010178, 0),
	(235, _binary 0xACED00057372000D6A6176612E74696D652E536572955D84BA1B2248B20C00007870770703C4653601010178, 0),
	(236, _binary 0xACED00057372000D6A6176612E74696D652E536572955D84BA1B2248B20C00007870770703C4653601010178, 0),
	(237, _binary 0xACED00057372000D6A6176612E74696D652E536572955D84BA1B2248B20C00007870770703C4653601010178, 0),
	(238, _binary 0xACED00057372000D6A6176612E74696D652E536572955D84BA1B2248B20C00007870770703C4653601010178, 0),
	(239, _binary 0xACED00057372000D6A6176612E74696D652E536572955D84BA1B2248B20C00007870770703C4653601010178, 0),
	(240, _binary 0xACED00057372000D6A6176612E74696D652E536572955D84BA1B2248B20C00007870770703C4653601010178, 0),
	(241, _binary 0xACED00057372000D6A6176612E74696D652E536572955D84BA1B2248B20C00007870770703C4653601010178, 0),
	(242, _binary 0xACED00057372000D6A6176612E74696D652E536572955D84BA1B2248B20C00007870770703C4653601010178, 0),
	(243, _binary 0xACED00057372000D6A6176612E74696D652E536572955D84BA1B2248B20C00007870770703C4653601010178, 0),
	(244, _binary 0xACED00057372000D6A6176612E74696D652E536572955D84BA1B2248B20C00007870770703C4653601010178, 0),
	(245, _binary 0xACED00057372000D6A6176612E74696D652E536572955D84BA1B2248B20C00007870770703C4653601010178, 0),
	(246, _binary 0xACED00057372000D6A6176612E74696D652E536572955D84BA1B2248B20C00007870770703C4653601010178, 0),
	(247, _binary 0xACED00057372000D6A6176612E74696D652E536572955D84BA1B2248B20C00007870770703C4653601010178, 0),
	(248, _binary 0xACED00057372000D6A6176612E74696D652E536572955D84BA1B2248B20C00007870770703C4653601010178, 0),
	(249, _binary 0xACED00057372000D6A6176612E74696D652E536572955D84BA1B2248B20C00007870770703C4653601010178, 0),
	(250, _binary 0xACED00057372000D6A6176612E74696D652E536572955D84BA1B2248B20C00007870770703C4653601010178, 0),
	(251, _binary 0xACED00057372000D6A6176612E74696D652E536572955D84BA1B2248B20C00007870770703C4653601010178, 0),
	(252, _binary 0xACED00057372000D6A6176612E74696D652E536572955D84BA1B2248B20C00007870770703C4653601010178, 0),
	(253, _binary 0xACED00057372000D6A6176612E74696D652E536572955D84BA1B2248B20C00007870770703C4653601010178, 0),
	(254, _binary 0xACED00057372000D6A6176612E74696D652E536572955D84BA1B2248B20C00007870770703C4653601010178, 0),
	(255, _binary 0xACED00057372000D6A6176612E74696D652E536572955D84BA1B2248B20C00007870770703C4653601010178, 0),
	(256, _binary 0xACED00057372000D6A6176612E74696D652E536572955D84BA1B2248B20C00007870770703C4653601010178, 0),
	(257, _binary 0xACED00057372000D6A6176612E74696D652E536572955D84BA1B2248B20C00007870770703C4653601010178, 0),
	(258, _binary 0xACED00057372000D6A6176612E74696D652E536572955D84BA1B2248B20C00007870770703C4653601010178, 0),
	(259, _binary 0xACED00057372000D6A6176612E74696D652E536572955D84BA1B2248B20C00007870770703C4653601010178, 0),
	(260, _binary 0xACED00057372000D6A6176612E74696D652E536572955D84BA1B2248B20C00007870770703C4653601010178, 0),
	(261, _binary 0xACED00057372000D6A6176612E74696D652E536572955D84BA1B2248B20C00007870770703C4653601010178, 0),
	(262, _binary 0xACED00057372000D6A6176612E74696D652E536572955D84BA1B2248B20C00007870770703C4653601010178, 0),
	(263, _binary 0xACED00057372000D6A6176612E74696D652E536572955D84BA1B2248B20C00007870770703C4653601010178, 0),
	(264, _binary 0xACED00057372000D6A6176612E74696D652E536572955D84BA1B2248B20C00007870770703C4653601010178, 0),
	(265, _binary 0xACED00057372000D6A6176612E74696D652E536572955D84BA1B2248B20C00007870770703C4653601010178, 0),
	(266, _binary 0xACED00057372000D6A6176612E74696D652E536572955D84BA1B2248B20C00007870770703C4653601010178, 0),
	(267, _binary 0xACED00057372000D6A6176612E74696D652E536572955D84BA1B2248B20C00007870770703C4653601010178, 0),
	(268, _binary 0xACED00057372000D6A6176612E74696D652E536572955D84BA1B2248B20C00007870770703C4653601010178, 0),
	(269, _binary 0xACED00057372000D6A6176612E74696D652E536572955D84BA1B2248B20C00007870770703C4653601010178, 0),
	(270, _binary 0xACED00057372000D6A6176612E74696D652E536572955D84BA1B2248B20C00007870770703C4653601010178, 0),
	(271, _binary 0xACED00057372000D6A6176612E74696D652E536572955D84BA1B2248B20C00007870770703C4653601010178, 0),
	(272, _binary 0xACED00057372000D6A6176612E74696D652E536572955D84BA1B2248B20C00007870770703C4653601010178, 0),
	(273, _binary 0xACED00057372000D6A6176612E74696D652E536572955D84BA1B2248B20C00007870770703C4653601010178, 0),
	(274, _binary 0xACED00057372000D6A6176612E74696D652E536572955D84BA1B2248B20C00007870770703C4653601010178, 0),
	(275, _binary 0xACED00057372000D6A6176612E74696D652E536572955D84BA1B2248B20C00007870770703C4653601010178, 0),
	(276, _binary 0xACED00057372000D6A6176612E74696D652E536572955D84BA1B2248B20C00007870770703C4653601010178, 0),
	(277, _binary 0xACED00057372000D6A6176612E74696D652E536572955D84BA1B2248B20C00007870770703C4653601010178, 0),
	(278, _binary 0xACED00057372000D6A6176612E74696D652E536572955D84BA1B2248B20C00007870770703C4653601010178, 0),
	(279, _binary 0xACED00057372000D6A6176612E74696D652E536572955D84BA1B2248B20C00007870770703C4653601010178, 0),
	(280, _binary 0xACED00057372000D6A6176612E74696D652E536572955D84BA1B2248B20C00007870770703C4653601010178, 0),
	(281, _binary 0xACED00057372000D6A6176612E74696D652E536572955D84BA1B2248B20C00007870770703C4653601010178, 0),
	(282, _binary 0xACED00057372000D6A6176612E74696D652E536572955D84BA1B2248B20C00007870770703C4653601010178, 0),
	(283, _binary 0xACED00057372000D6A6176612E74696D652E536572955D84BA1B2248B20C00007870770703C4653601010178, 0),
	(284, _binary 0xACED00057372000D6A6176612E74696D652E536572955D84BA1B2248B20C00007870770703C4653601010178, 0),
	(285, _binary 0xACED00057372000D6A6176612E74696D652E536572955D84BA1B2248B20C00007870770703C4653601010178, 0),
	(286, _binary 0xACED00057372000D6A6176612E74696D652E536572955D84BA1B2248B20C00007870770703C4653601010178, 0),
	(287, _binary 0xACED00057372000D6A6176612E74696D652E536572955D84BA1B2248B20C00007870770703C4653601010178, 0),
	(288, _binary 0xACED00057372000D6A6176612E74696D652E536572955D84BA1B2248B20C00007870770703C4653601010178, 0),
	(289, _binary 0xACED00057372000D6A6176612E74696D652E536572955D84BA1B2248B20C00007870770703C4653601010178, 0),
	(290, _binary 0xACED00057372000D6A6176612E74696D652E536572955D84BA1B2248B20C00007870770703C4653601010178, 0),
	(291, _binary 0xACED00057372000D6A6176612E74696D652E536572955D84BA1B2248B20C00007870770703C4653601010178, 0),
	(292, _binary 0xACED00057372000D6A6176612E74696D652E536572955D84BA1B2248B20C00007870770703C4653601010178, 0),
	(293, _binary 0xACED00057372000D6A6176612E74696D652E536572955D84BA1B2248B20C00007870770703C4653601010178, 0),
	(294, _binary 0xACED00057372000D6A6176612E74696D652E536572955D84BA1B2248B20C00007870770703C4653601010178, 0),
	(295, _binary 0xACED00057372000D6A6176612E74696D652E536572955D84BA1B2248B20C00007870770703C4653601010178, 0),
	(296, _binary 0xACED00057372000D6A6176612E74696D652E536572955D84BA1B2248B20C00007870770703C4653601010178, 0),
	(297, _binary 0xACED00057372000D6A6176612E74696D652E536572955D84BA1B2248B20C00007870770703C4653601010178, 0),
	(298, _binary 0xACED00057372000D6A6176612E74696D652E536572955D84BA1B2248B20C00007870770703C4653601010178, 0),
	(299, _binary 0xACED00057372000D6A6176612E74696D652E536572955D84BA1B2248B20C00007870770703C4653601010178, 0),
	(300, _binary 0xACED00057372000D6A6176612E74696D652E536572955D84BA1B2248B20C00007870770703C4653601010178, 0),
	(301, _binary 0xACED00057372000D6A6176612E74696D652E536572955D84BA1B2248B20C00007870770703C4653601010178, 0),
	(302, _binary 0xACED00057372000D6A6176612E74696D652E536572955D84BA1B2248B20C00007870770703C4653601010178, 0),
	(303, _binary 0xACED00057372000D6A6176612E74696D652E536572955D84BA1B2248B20C00007870770703C4653601010178, 0),
	(304, _binary 0xACED00057372000D6A6176612E74696D652E536572955D84BA1B2248B20C00007870770703C4653601010178, 0),
	(305, _binary 0xACED00057372000D6A6176612E74696D652E536572955D84BA1B2248B20C00007870770703C4653601010178, 0),
	(306, _binary 0xACED00057372000D6A6176612E74696D652E536572955D84BA1B2248B20C00007870770703C4653601010178, 0),
	(307, _binary 0xACED00057372000D6A6176612E74696D652E536572955D84BA1B2248B20C00007870770703C4653601010178, 0),
	(308, _binary 0xACED00057372000D6A6176612E74696D652E536572955D84BA1B2248B20C00007870770703C4653601010178, 0),
	(309, _binary 0xACED00057372000D6A6176612E74696D652E536572955D84BA1B2248B20C00007870770703C4653601010178, 0),
	(310, _binary 0xACED00057372000D6A6176612E74696D652E536572955D84BA1B2248B20C00007870770703C4653601010178, 0),
	(311, _binary 0xACED00057372000D6A6176612E74696D652E536572955D84BA1B2248B20C00007870770703C4653601010178, 0),
	(312, _binary 0xACED00057372000D6A6176612E74696D652E536572955D84BA1B2248B20C00007870770703C4653601010178, 0),
	(313, _binary 0xACED00057372000D6A6176612E74696D652E536572955D84BA1B2248B20C00007870770703C4653601010178, 0),
	(314, _binary 0xACED00057372000D6A6176612E74696D652E536572955D84BA1B2248B20C00007870770703C4653601010178, 0),
	(315, _binary 0xACED00057372000D6A6176612E74696D652E536572955D84BA1B2248B20C00007870770703C4653601010178, 0),
	(316, _binary 0xACED00057372000D6A6176612E74696D652E536572955D84BA1B2248B20C00007870770703C4653601010178, 0),
	(317, _binary 0xACED00057372000D6A6176612E74696D652E536572955D84BA1B2248B20C00007870770703C4653601010178, 0),
	(318, _binary 0xACED00057372000D6A6176612E74696D652E536572955D84BA1B2248B20C00007870770703C4653601010178, 0),
	(319, _binary 0xACED00057372000D6A6176612E74696D652E536572955D84BA1B2248B20C00007870770703C4653601010178, 0),
	(320, _binary 0xACED00057372000D6A6176612E74696D652E536572955D84BA1B2248B20C00007870770703C4653601010178, 0),
	(321, _binary 0xACED00057372000D6A6176612E74696D652E536572955D84BA1B2248B20C00007870770703C4653601010178, 0),
	(322, _binary 0xACED00057372000D6A6176612E74696D652E536572955D84BA1B2248B20C00007870770703C4653601010178, 0),
	(323, _binary 0xACED00057372000D6A6176612E74696D652E536572955D84BA1B2248B20C00007870770703C4653601010178, 0),
	(324, _binary 0xACED00057372000D6A6176612E74696D652E536572955D84BA1B2248B20C00007870770703C4653601010178, 0),
	(325, _binary 0xACED00057372000D6A6176612E74696D652E536572955D84BA1B2248B20C00007870770703C4653601010178, 0),
	(326, _binary 0xACED00057372000D6A6176612E74696D652E536572955D84BA1B2248B20C00007870770703C4653601010178, 0),
	(327, _binary 0xACED00057372000D6A6176612E74696D652E536572955D84BA1B2248B20C00007870770703C4653601010178, 0),
	(328, _binary 0xACED00057372000D6A6176612E74696D652E536572955D84BA1B2248B20C00007870770703C4653601010178, 0),
	(329, _binary 0xACED00057372000D6A6176612E74696D652E536572955D84BA1B2248B20C00007870770703C4653601010178, 0),
	(330, _binary 0xACED00057372000D6A6176612E74696D652E536572955D84BA1B2248B20C00007870770703C4653601010178, 0),
	(331, _binary 0xACED00057372000D6A6176612E74696D652E536572955D84BA1B2248B20C00007870770703C4653601010178, 0),
	(332, _binary 0xACED00057372000D6A6176612E74696D652E536572955D84BA1B2248B20C00007870770703C4653601010178, 0),
	(333, _binary 0xACED00057372000D6A6176612E74696D652E536572955D84BA1B2248B20C00007870770703C4653601010178, 0),
	(334, _binary 0xACED00057372000D6A6176612E74696D652E536572955D84BA1B2248B20C00007870770703C4653601010178, 0),
	(335, _binary 0xACED00057372000D6A6176612E74696D652E536572955D84BA1B2248B20C00007870770703C4653601010178, 0),
	(336, _binary 0xACED00057372000D6A6176612E74696D652E536572955D84BA1B2248B20C00007870770703C4653601010178, 0),
	(337, _binary 0xACED00057372000D6A6176612E74696D652E536572955D84BA1B2248B20C00007870770703C4653601010178, 0),
	(338, _binary 0xACED00057372000D6A6176612E74696D652E536572955D84BA1B2248B20C00007870770703C4653601010178, 0),
	(339, _binary 0xACED00057372000D6A6176612E74696D652E536572955D84BA1B2248B20C00007870770703C4653601010178, 0),
	(340, _binary 0xACED00057372000D6A6176612E74696D652E536572955D84BA1B2248B20C00007870770703C4653601010178, 0),
	(341, _binary 0xACED00057372000D6A6176612E74696D652E536572955D84BA1B2248B20C00007870770703C4653601010178, 0),
	(342, _binary 0xACED00057372000D6A6176612E74696D652E536572955D84BA1B2248B20C00007870770703C4653601010178, 0),
	(343, _binary 0xACED00057372000D6A6176612E74696D652E536572955D84BA1B2248B20C00007870770703C4653601010178, 0),
	(344, _binary 0xACED00057372000D6A6176612E74696D652E536572955D84BA1B2248B20C00007870770703C4653601010178, 0),
	(345, _binary 0xACED00057372000D6A6176612E74696D652E536572955D84BA1B2248B20C00007870770703C4653601010178, 0),
	(346, _binary 0xACED00057372000D6A6176612E74696D652E536572955D84BA1B2248B20C00007870770703C4653601010178, 0),
	(347, _binary 0xACED00057372000D6A6176612E74696D652E536572955D84BA1B2248B20C00007870770703C4653601010178, 0),
	(348, _binary 0xACED00057372000D6A6176612E74696D652E536572955D84BA1B2248B20C00007870770703C4653601010178, 0),
	(349, _binary 0xACED00057372000D6A6176612E74696D652E536572955D84BA1B2248B20C00007870770703C4653601010178, 0),
	(350, _binary 0xACED00057372000D6A6176612E74696D652E536572955D84BA1B2248B20C00007870770703C4653601010178, 0),
	(351, _binary 0xACED00057372000D6A6176612E74696D652E536572955D84BA1B2248B20C00007870770703C4653601010178, 0),
	(352, _binary 0xACED00057372000D6A6176612E74696D652E536572955D84BA1B2248B20C00007870770703C4653601010178, 0),
	(353, _binary 0xACED00057372000D6A6176612E74696D652E536572955D84BA1B2248B20C00007870770703C4653601010178, 0),
	(354, _binary 0xACED00057372000D6A6176612E74696D652E536572955D84BA1B2248B20C00007870770703C4653601010178, 0),
	(355, _binary 0xACED00057372000D6A6176612E74696D652E536572955D84BA1B2248B20C00007870770703C4653601010178, 0),
	(356, _binary 0xACED00057372000D6A6176612E74696D652E536572955D84BA1B2248B20C00007870770703C4653601010178, 0),
	(357, _binary 0xACED00057372000D6A6176612E74696D652E536572955D84BA1B2248B20C00007870770703C4653601010178, 0),
	(358, _binary 0xACED00057372000D6A6176612E74696D652E536572955D84BA1B2248B20C00007870770703C4653601010178, 0),
	(359, _binary 0xACED00057372000D6A6176612E74696D652E536572955D84BA1B2248B20C00007870770703C4653601010178, 0),
	(360, _binary 0xACED00057372000D6A6176612E74696D652E536572955D84BA1B2248B20C00007870770703C4653601010178, 0),
	(361, _binary 0xACED00057372000D6A6176612E74696D652E536572955D84BA1B2248B20C00007870770703C4653601010178, 0),
	(362, _binary 0xACED00057372000D6A6176612E74696D652E536572955D84BA1B2248B20C00007870770703C4653601010178, 0),
	(363, _binary 0xACED00057372000D6A6176612E74696D652E536572955D84BA1B2248B20C00007870770703C4653601010178, 0),
	(364, _binary 0xACED00057372000D6A6176612E74696D652E536572955D84BA1B2248B20C00007870770703C4653601010178, 0),
	(365, _binary 0xACED00057372000D6A6176612E74696D652E536572955D84BA1B2248B20C00007870770703C4653601010178, 0),
	(366, _binary 0xACED00057372000D6A6176612E74696D652E536572955D84BA1B2248B20C00007870770703C4653601010178, 0),
	(367, _binary 0xACED00057372000D6A6176612E74696D652E536572955D84BA1B2248B20C00007870770703C4653601010178, 0),
	(368, _binary 0xACED00057372000D6A6176612E74696D652E536572955D84BA1B2248B20C00007870770703C4653601010178, 0),
	(369, _binary 0xACED00057372000D6A6176612E74696D652E536572955D84BA1B2248B20C00007870770703C4653601010178, 0),
	(370, _binary 0xACED00057372000D6A6176612E74696D652E536572955D84BA1B2248B20C00007870770703C4653601010178, 0),
	(371, _binary 0xACED00057372000D6A6176612E74696D652E536572955D84BA1B2248B20C00007870770703C4653601010178, 0),
	(372, _binary 0xACED00057372000D6A6176612E74696D652E536572955D84BA1B2248B20C00007870770703C4653601010178, 0),
	(373, _binary 0xACED00057372000D6A6176612E74696D652E536572955D84BA1B2248B20C00007870770703C4653601010178, 0),
	(374, _binary 0xACED00057372000D6A6176612E74696D652E536572955D84BA1B2248B20C00007870770703C4653601010178, 0),
	(375, _binary 0xACED00057372000D6A6176612E74696D652E536572955D84BA1B2248B20C00007870770703C4653601010178, 0),
	(376, _binary 0xACED00057372000D6A6176612E74696D652E536572955D84BA1B2248B20C00007870770703C4653601010178, 0),
	(377, _binary 0xACED00057372000D6A6176612E74696D652E536572955D84BA1B2248B20C00007870770703C4653601010178, 0),
	(378, _binary 0xACED00057372000D6A6176612E74696D652E536572955D84BA1B2248B20C00007870770703C4653601010178, 0),
	(379, _binary 0xACED00057372000D6A6176612E74696D652E536572955D84BA1B2248B20C00007870770703C4653601010178, 0),
	(380, _binary 0xACED00057372000D6A6176612E74696D652E536572955D84BA1B2248B20C00007870770703C4653601010178, 0),
	(381, _binary 0xACED00057372000D6A6176612E74696D652E536572955D84BA1B2248B20C00007870770703C4653601010178, 0),
	(382, _binary 0xACED00057372000D6A6176612E74696D652E536572955D84BA1B2248B20C00007870770703C4653601010178, 0),
	(383, _binary 0xACED00057372000D6A6176612E74696D652E536572955D84BA1B2248B20C00007870770703C4653601010178, 0),
	(384, _binary 0xACED00057372000D6A6176612E74696D652E536572955D84BA1B2248B20C00007870770703C4653601010178, 0),
	(385, _binary 0xACED00057372000D6A6176612E74696D652E536572955D84BA1B2248B20C00007870770703C4653601010178, 0),
	(386, _binary 0xACED00057372000D6A6176612E74696D652E536572955D84BA1B2248B20C00007870770703C4653601010178, 0),
	(387, _binary 0xACED00057372000D6A6176612E74696D652E536572955D84BA1B2248B20C00007870770703C4653601010178, 0),
	(388, _binary 0xACED00057372000D6A6176612E74696D652E536572955D84BA1B2248B20C00007870770703C4653601010178, 0),
	(389, _binary 0xACED00057372000D6A6176612E74696D652E536572955D84BA1B2248B20C00007870770703C4653601010178, 0),
	(390, _binary 0xACED00057372000D6A6176612E74696D652E536572955D84BA1B2248B20C00007870770703C4653601010178, 0),
	(391, _binary 0xACED00057372000D6A6176612E74696D652E536572955D84BA1B2248B20C00007870770703C4653601010178, 0),
	(392, _binary 0xACED00057372000D6A6176612E74696D652E536572955D84BA1B2248B20C00007870770703C4653601010178, 0),
	(393, _binary 0xACED00057372000D6A6176612E74696D652E536572955D84BA1B2248B20C00007870770703C4653601010178, 0),
	(394, _binary 0xACED00057372000D6A6176612E74696D652E536572955D84BA1B2248B20C00007870770703C4653601010178, 0),
	(395, _binary 0xACED00057372000D6A6176612E74696D652E536572955D84BA1B2248B20C00007870770703C4653601010178, 0),
	(396, _binary 0xACED00057372000D6A6176612E74696D652E536572955D84BA1B2248B20C00007870770703C4653601010178, 0),
	(397, _binary 0xACED00057372000D6A6176612E74696D652E536572955D84BA1B2248B20C00007870770703C4653601010178, 0),
	(398, _binary 0xACED00057372000D6A6176612E74696D652E536572955D84BA1B2248B20C00007870770703C4653601010178, 0),
	(399, _binary 0xACED00057372000D6A6176612E74696D652E536572955D84BA1B2248B20C00007870770703C4653601010178, 0),
	(400, _binary 0xACED00057372000D6A6176612E74696D652E536572955D84BA1B2248B20C00007870770703C4653601010178, 0),
	(401, _binary 0xACED00057372000D6A6176612E74696D652E536572955D84BA1B2248B20C00007870770703C4653601010178, 0),
	(402, _binary 0xACED00057372000D6A6176612E74696D652E536572955D84BA1B2248B20C00007870770703C4653601010178, 0),
	(403, _binary 0xACED00057372000D6A6176612E74696D652E536572955D84BA1B2248B20C00007870770703C4653601010178, 0),
	(404, _binary 0xACED00057372000D6A6176612E74696D652E536572955D84BA1B2248B20C00007870770703C4653601010178, 0),
	(405, _binary 0xACED00057372000D6A6176612E74696D652E536572955D84BA1B2248B20C00007870770703C4653601010178, 0),
	(406, _binary 0xACED00057372000D6A6176612E74696D652E536572955D84BA1B2248B20C00007870770703C4653601010178, 0),
	(407, _binary 0xACED00057372000D6A6176612E74696D652E536572955D84BA1B2248B20C00007870770703C4653601010178, 0),
	(408, _binary 0xACED00057372000D6A6176612E74696D652E536572955D84BA1B2248B20C00007870770703C4653601010178, 0),
	(409, _binary 0xACED00057372000D6A6176612E74696D652E536572955D84BA1B2248B20C00007870770703C4653601010178, 0),
	(410, _binary 0xACED00057372000D6A6176612E74696D652E536572955D84BA1B2248B20C00007870770703C4653601010178, 0),
	(411, _binary 0xACED00057372000D6A6176612E74696D652E536572955D84BA1B2248B20C00007870770703C4653601010178, 0),
	(412, _binary 0xACED00057372000D6A6176612E74696D652E536572955D84BA1B2248B20C00007870770703C4653601010178, 0),
	(413, _binary 0xACED00057372000D6A6176612E74696D652E536572955D84BA1B2248B20C00007870770703C4653601010178, 0),
	(414, _binary 0xACED00057372000D6A6176612E74696D652E536572955D84BA1B2248B20C00007870770703C4653601010178, 0),
	(415, _binary 0xACED00057372000D6A6176612E74696D652E536572955D84BA1B2248B20C00007870770703C4653601010178, 0),
	(416, _binary 0xACED00057372000D6A6176612E74696D652E536572955D84BA1B2248B20C00007870770703C4653601010178, 0),
	(417, _binary 0xACED00057372000D6A6176612E74696D652E536572955D84BA1B2248B20C00007870770703C4653601010178, 0),
	(418, _binary 0xACED00057372000D6A6176612E74696D652E536572955D84BA1B2248B20C00007870770703C4653601010178, 0),
	(419, _binary 0xACED00057372000D6A6176612E74696D652E536572955D84BA1B2248B20C00007870770703C4653601010178, 0),
	(420, _binary 0xACED00057372000D6A6176612E74696D652E536572955D84BA1B2248B20C00007870770703C4653601010178, 0),
	(421, _binary 0xACED00057372000D6A6176612E74696D652E536572955D84BA1B2248B20C00007870770703C4653601010178, 0),
	(422, _binary 0xACED00057372000D6A6176612E74696D652E536572955D84BA1B2248B20C00007870770703C4653601010178, 0),
	(423, _binary 0xACED00057372000D6A6176612E74696D652E536572955D84BA1B2248B20C00007870770703C4653601010178, 0),
	(424, _binary 0xACED00057372000D6A6176612E74696D652E536572955D84BA1B2248B20C00007870770703C4653601010178, 0),
	(425, _binary 0xACED00057372000D6A6176612E74696D652E536572955D84BA1B2248B20C00007870770703C4653601010178, 0),
	(426, _binary 0xACED00057372000D6A6176612E74696D652E536572955D84BA1B2248B20C00007870770703C4653601010178, 0),
	(427, _binary 0xACED00057372000D6A6176612E74696D652E536572955D84BA1B2248B20C00007870770703C4653601010178, 0),
	(428, _binary 0xACED00057372000D6A6176612E74696D652E536572955D84BA1B2248B20C00007870770703C4653601010178, 0),
	(429, _binary 0xACED00057372000D6A6176612E74696D652E536572955D84BA1B2248B20C00007870770703C4653601010178, 0),
	(430, _binary 0xACED00057372000D6A6176612E74696D652E536572955D84BA1B2248B20C00007870770703C4653601010178, 0),
	(431, _binary 0xACED00057372000D6A6176612E74696D652E536572955D84BA1B2248B20C00007870770703C4653601010178, 0),
	(432, _binary 0xACED00057372000D6A6176612E74696D652E536572955D84BA1B2248B20C00007870770703C4653601010178, 0),
	(433, _binary 0xACED00057372000D6A6176612E74696D652E536572955D84BA1B2248B20C00007870770703C4653601010178, 0),
	(434, _binary 0xACED00057372000D6A6176612E74696D652E536572955D84BA1B2248B20C00007870770703C4653601010178, 0),
	(435, _binary 0xACED00057372000D6A6176612E74696D652E536572955D84BA1B2248B20C00007870770703C4653601010178, 0),
	(436, _binary 0xACED00057372000D6A6176612E74696D652E536572955D84BA1B2248B20C00007870770703C4653601010178, 0),
	(437, _binary 0xACED00057372000D6A6176612E74696D652E536572955D84BA1B2248B20C00007870770703C4653601010178, 0),
	(438, _binary 0xACED00057372000D6A6176612E74696D652E536572955D84BA1B2248B20C00007870770703C4653601010178, 0),
	(439, _binary 0xACED00057372000D6A6176612E74696D652E536572955D84BA1B2248B20C00007870770703C4653601010178, 0),
	(440, _binary 0xACED00057372000D6A6176612E74696D652E536572955D84BA1B2248B20C00007870770703C4653601010178, 0),
	(441, _binary 0xACED00057372000D6A6176612E74696D652E536572955D84BA1B2248B20C00007870770703C4653601010178, 0),
	(442, _binary 0xACED00057372000D6A6176612E74696D652E536572955D84BA1B2248B20C00007870770703C4653601010178, 0),
	(443, _binary 0xACED00057372000D6A6176612E74696D652E536572955D84BA1B2248B20C00007870770703C4653601010178, 0),
	(444, _binary 0xACED00057372000D6A6176612E74696D652E536572955D84BA1B2248B20C00007870770703C4653601010178, 0),
	(445, _binary 0xACED00057372000D6A6176612E74696D652E536572955D84BA1B2248B20C00007870770703C4653601010178, 0),
	(446, _binary 0xACED00057372000D6A6176612E74696D652E536572955D84BA1B2248B20C00007870770703C4653601010178, 0),
	(447, _binary 0xACED00057372000D6A6176612E74696D652E536572955D84BA1B2248B20C00007870770703C4653601010178, 0),
	(448, _binary 0xACED00057372000D6A6176612E74696D652E536572955D84BA1B2248B20C00007870770703C4653601010178, 0),
	(449, _binary 0xACED00057372000D6A6176612E74696D652E536572955D84BA1B2248B20C00007870770703C4653601010178, 0),
	(450, _binary 0xACED00057372000D6A6176612E74696D652E536572955D84BA1B2248B20C00007870770703C4653601010178, 0),
	(451, _binary 0xACED00057372000D6A6176612E74696D652E536572955D84BA1B2248B20C00007870770703C4653601010178, 0),
	(452, _binary 0xACED00057372000D6A6176612E74696D652E536572955D84BA1B2248B20C00007870770703C4653601010178, 0),
	(453, _binary 0xACED00057372000D6A6176612E74696D652E536572955D84BA1B2248B20C00007870770703C4653601010178, 0),
	(454, _binary 0xACED00057372000D6A6176612E74696D652E536572955D84BA1B2248B20C00007870770703C4653601010178, 0),
	(455, _binary 0xACED00057372000D6A6176612E74696D652E536572955D84BA1B2248B20C00007870770703C4653601010178, 0),
	(456, _binary 0xACED00057372000D6A6176612E74696D652E536572955D84BA1B2248B20C00007870770703C4653601010178, 0),
	(457, _binary 0xACED00057372000D6A6176612E74696D652E536572955D84BA1B2248B20C00007870770703C4653601010178, 0),
	(458, _binary 0xACED00057372000D6A6176612E74696D652E536572955D84BA1B2248B20C00007870770703C4653601010178, 0),
	(459, _binary 0xACED00057372000D6A6176612E74696D652E536572955D84BA1B2248B20C00007870770703C4653601010178, 0),
	(460, _binary 0xACED00057372000D6A6176612E74696D652E536572955D84BA1B2248B20C00007870770703C4653601010178, 0),
	(461, _binary 0xACED00057372000D6A6176612E74696D652E536572955D84BA1B2248B20C00007870770703C4653601010178, 0),
	(462, _binary 0xACED00057372000D6A6176612E74696D652E536572955D84BA1B2248B20C00007870770703C4653601010178, 0),
	(463, _binary 0xACED00057372000D6A6176612E74696D652E536572955D84BA1B2248B20C00007870770703C4653601010178, 0),
	(464, _binary 0xACED00057372000D6A6176612E74696D652E536572955D84BA1B2248B20C00007870770703C4653601010178, 0),
	(465, _binary 0xACED00057372000D6A6176612E74696D652E536572955D84BA1B2248B20C00007870770703C4653601010178, 0),
	(466, _binary 0xACED00057372000D6A6176612E74696D652E536572955D84BA1B2248B20C00007870770703C4653601010178, 0),
	(467, _binary 0xACED00057372000D6A6176612E74696D652E536572955D84BA1B2248B20C00007870770703C4653601010178, 0),
	(468, _binary 0xACED00057372000D6A6176612E74696D652E536572955D84BA1B2248B20C00007870770703C4653601010178, 0),
	(469, _binary 0xACED00057372000D6A6176612E74696D652E536572955D84BA1B2248B20C00007870770703C4653601010178, 0),
	(470, _binary 0xACED00057372000D6A6176612E74696D652E536572955D84BA1B2248B20C00007870770703C4653601010178, 0),
	(471, _binary 0xACED00057372000D6A6176612E74696D652E536572955D84BA1B2248B20C00007870770703C4653601010178, 0),
	(472, _binary 0xACED00057372000D6A6176612E74696D652E536572955D84BA1B2248B20C00007870770703C4653601010178, 0),
	(473, _binary 0xACED00057372000D6A6176612E74696D652E536572955D84BA1B2248B20C00007870770703C4653601010178, 0),
	(474, _binary 0xACED00057372000D6A6176612E74696D652E536572955D84BA1B2248B20C00007870770703C4653601010178, 0),
	(475, _binary 0xACED00057372000D6A6176612E74696D652E536572955D84BA1B2248B20C00007870770703C4653601010178, 0),
	(476, _binary 0xACED00057372000D6A6176612E74696D652E536572955D84BA1B2248B20C00007870770703C4653601010178, 0),
	(477, _binary 0xACED00057372000D6A6176612E74696D652E536572955D84BA1B2248B20C00007870770703C4653601010178, 0),
	(478, _binary 0xACED00057372000D6A6176612E74696D652E536572955D84BA1B2248B20C00007870770703C4653601010178, 0),
	(479, _binary 0xACED00057372000D6A6176612E74696D652E536572955D84BA1B2248B20C00007870770703C4653601010178, 0),
	(480, _binary 0xACED00057372000D6A6176612E74696D652E536572955D84BA1B2248B20C00007870770703C4653601010178, 0),
	(481, _binary 0xACED00057372000D6A6176612E74696D652E536572955D84BA1B2248B20C00007870770703C4653601010178, 0),
	(482, _binary 0xACED00057372000D6A6176612E74696D652E536572955D84BA1B2248B20C00007870770703C4653601010178, 0),
	(483, _binary 0xACED00057372000D6A6176612E74696D652E536572955D84BA1B2248B20C00007870770703C4653601010178, 0),
	(484, _binary 0xACED00057372000D6A6176612E74696D652E536572955D84BA1B2248B20C00007870770703C4653601010178, 0),
	(485, _binary 0xACED00057372000D6A6176612E74696D652E536572955D84BA1B2248B20C00007870770703C4653601010178, 0),
	(486, _binary 0xACED00057372000D6A6176612E74696D652E536572955D84BA1B2248B20C00007870770703C4653601010178, 0),
	(487, _binary 0xACED00057372000D6A6176612E74696D652E536572955D84BA1B2248B20C00007870770703C4653601010178, 0),
	(488, _binary 0xACED00057372000D6A6176612E74696D652E536572955D84BA1B2248B20C00007870770703C4653601010178, 0),
	(489, _binary 0xACED00057372000D6A6176612E74696D652E536572955D84BA1B2248B20C00007870770703C4653601010178, 0),
	(490, _binary 0xACED00057372000D6A6176612E74696D652E536572955D84BA1B2248B20C00007870770703C4653601010178, 0),
	(491, _binary 0xACED00057372000D6A6176612E74696D652E536572955D84BA1B2248B20C00007870770703C4653601010178, 0),
	(492, _binary 0xACED00057372000D6A6176612E74696D652E536572955D84BA1B2248B20C00007870770703C4653601010178, 0),
	(493, _binary 0xACED00057372000D6A6176612E74696D652E536572955D84BA1B2248B20C00007870770703C4653601010178, 0),
	(494, _binary 0xACED00057372000D6A6176612E74696D652E536572955D84BA1B2248B20C00007870770703C4653601010178, 0),
	(495, _binary 0xACED00057372000D6A6176612E74696D652E536572955D84BA1B2248B20C00007870770703C4653601010178, 0),
	(496, _binary 0xACED00057372000D6A6176612E74696D652E536572955D84BA1B2248B20C00007870770703C4653601010178, 0),
	(497, _binary 0xACED00057372000D6A6176612E74696D652E536572955D84BA1B2248B20C00007870770703C4653601010178, 0),
	(498, _binary 0xACED00057372000D6A6176612E74696D652E536572955D84BA1B2248B20C00007870770703C4653601010178, 0),
	(499, _binary 0xACED00057372000D6A6176612E74696D652E536572955D84BA1B2248B20C00007870770703C4653601010178, 0),
	(500, _binary 0xACED00057372000D6A6176612E74696D652E536572955D84BA1B2248B20C00007870770703C4653601010178, 0),
	(501, _binary 0xACED00057372000D6A6176612E74696D652E536572955D84BA1B2248B20C00007870770703C4653601010178, 0),
	(502, _binary 0xACED00057372000D6A6176612E74696D652E536572955D84BA1B2248B20C00007870770703C4653601010178, 0),
	(503, _binary 0xACED00057372000D6A6176612E74696D652E536572955D84BA1B2248B20C00007870770703C4653601010178, 0),
	(504, _binary 0xACED00057372000D6A6176612E74696D652E536572955D84BA1B2248B20C00007870770703C4653601010178, 0),
	(505, _binary 0xACED00057372000D6A6176612E74696D652E536572955D84BA1B2248B20C00007870770703C4653601010178, 0),
	(506, _binary 0xACED00057372000D6A6176612E74696D652E536572955D84BA1B2248B20C00007870770703C4653601010178, 0),
	(507, _binary 0xACED00057372000D6A6176612E74696D652E536572955D84BA1B2248B20C00007870770703C4653601010178, 0),
	(508, _binary 0xACED00057372000D6A6176612E74696D652E536572955D84BA1B2248B20C00007870770703C4653601010178, 0),
	(509, _binary 0xACED00057372000D6A6176612E74696D652E536572955D84BA1B2248B20C00007870770703C4653601010178, 0),
	(510, _binary 0xACED00057372000D6A6176612E74696D652E536572955D84BA1B2248B20C00007870770703C4653601010178, 0),
	(511, _binary 0xACED00057372000D6A6176612E74696D652E536572955D84BA1B2248B20C00007870770703C4653601010178, 0),
	(512, _binary 0xACED00057372000D6A6176612E74696D652E536572955D84BA1B2248B20C00007870770703C4653601010178, 0),
	(513, _binary 0xACED00057372000D6A6176612E74696D652E536572955D84BA1B2248B20C00007870770703C4653601010178, 0),
	(514, _binary 0xACED00057372000D6A6176612E74696D652E536572955D84BA1B2248B20C00007870770703C4653601010178, 0),
	(515, _binary 0xACED00057372000D6A6176612E74696D652E536572955D84BA1B2248B20C00007870770703C4653601010178, 0),
	(516, _binary 0xACED00057372000D6A6176612E74696D652E536572955D84BA1B2248B20C00007870770703C4653601010178, 0),
	(517, _binary 0xACED00057372000D6A6176612E74696D652E536572955D84BA1B2248B20C00007870770703C4653601010178, 0),
	(518, _binary 0xACED00057372000D6A6176612E74696D652E536572955D84BA1B2248B20C00007870770703C4653601010178, 0),
	(519, _binary 0xACED00057372000D6A6176612E74696D652E536572955D84BA1B2248B20C00007870770703C4653601010178, 0),
	(520, _binary 0xACED00057372000D6A6176612E74696D652E536572955D84BA1B2248B20C00007870770703C4653601010178, 0),
	(521, _binary 0xACED00057372000D6A6176612E74696D652E536572955D84BA1B2248B20C00007870770703C4653601010178, 0),
	(522, _binary 0xACED00057372000D6A6176612E74696D652E536572955D84BA1B2248B20C00007870770703C4653601010178, 0),
	(523, _binary 0xACED00057372000D6A6176612E74696D652E536572955D84BA1B2248B20C00007870770703C4653601010178, 0),
	(524, _binary 0xACED00057372000D6A6176612E74696D652E536572955D84BA1B2248B20C00007870770703C4653601010178, 0),
	(525, _binary 0xACED00057372000D6A6176612E74696D652E536572955D84BA1B2248B20C00007870770703C4653601010178, 0),
	(526, _binary 0xACED00057372000D6A6176612E74696D652E536572955D84BA1B2248B20C00007870770703C4653601010178, 0),
	(527, _binary 0xACED00057372000D6A6176612E74696D652E536572955D84BA1B2248B20C00007870770703C4653601010178, 0),
	(528, _binary 0xACED00057372000D6A6176612E74696D652E536572955D84BA1B2248B20C00007870770703C4653601010178, 0),
	(529, _binary 0xACED00057372000D6A6176612E74696D652E536572955D84BA1B2248B20C00007870770703C4653601010178, 0),
	(530, _binary 0xACED00057372000D6A6176612E74696D652E536572955D84BA1B2248B20C00007870770703C4653601010178, 0),
	(531, _binary 0xACED00057372000D6A6176612E74696D652E536572955D84BA1B2248B20C00007870770703C4653601010178, 0),
	(532, _binary 0xACED00057372000D6A6176612E74696D652E536572955D84BA1B2248B20C00007870770703C4653601010178, 0),
	(533, _binary 0xACED00057372000D6A6176612E74696D652E536572955D84BA1B2248B20C00007870770703C4653601010178, 0),
	(534, _binary 0xACED00057372000D6A6176612E74696D652E536572955D84BA1B2248B20C00007870770703C4653601010178, 0),
	(535, _binary 0xACED00057372000D6A6176612E74696D652E536572955D84BA1B2248B20C00007870770703C4653601010178, 0),
	(536, _binary 0xACED00057372000D6A6176612E74696D652E536572955D84BA1B2248B20C00007870770703C4653601010178, 0),
	(537, _binary 0xACED00057372000D6A6176612E74696D652E536572955D84BA1B2248B20C00007870770703C4653601010178, 0),
	(538, _binary 0xACED00057372000D6A6176612E74696D652E536572955D84BA1B2248B20C00007870770703C4653601010178, 0),
	(539, _binary 0xACED00057372000D6A6176612E74696D652E536572955D84BA1B2248B20C00007870770703C4653601010178, 0),
	(540, _binary 0xACED00057372000D6A6176612E74696D652E536572955D84BA1B2248B20C00007870770703C4653601010178, 0),
	(541, _binary 0xACED00057372000D6A6176612E74696D652E536572955D84BA1B2248B20C00007870770703C4653601010178, 0),
	(542, _binary 0xACED00057372000D6A6176612E74696D652E536572955D84BA1B2248B20C00007870770703C4653601010178, 0),
	(543, _binary 0xACED00057372000D6A6176612E74696D652E536572955D84BA1B2248B20C00007870770703C4653601010178, 0),
	(544, _binary 0xACED00057372000D6A6176612E74696D652E536572955D84BA1B2248B20C00007870770703C4653601010178, 0),
	(545, _binary 0xACED00057372000D6A6176612E74696D652E536572955D84BA1B2248B20C00007870770703C4653601010178, 0),
	(546, _binary 0xACED00057372000D6A6176612E74696D652E536572955D84BA1B2248B20C00007870770703C4653601010178, 0),
	(547, _binary 0xACED00057372000D6A6176612E74696D652E536572955D84BA1B2248B20C00007870770703C4653601010178, 0),
	(548, _binary 0xACED00057372000D6A6176612E74696D652E536572955D84BA1B2248B20C00007870770703C4653601010178, 0),
	(549, _binary 0xACED00057372000D6A6176612E74696D652E536572955D84BA1B2248B20C00007870770703C4653601010178, 0),
	(550, _binary 0xACED00057372000D6A6176612E74696D652E536572955D84BA1B2248B20C00007870770703C4653601010178, 0),
	(551, _binary 0xACED00057372000D6A6176612E74696D652E536572955D84BA1B2248B20C00007870770703C4653601010178, 0),
	(552, _binary 0xACED00057372000D6A6176612E74696D652E536572955D84BA1B2248B20C00007870770703C4653601010178, 0),
	(553, _binary 0xACED00057372000D6A6176612E74696D652E536572955D84BA1B2248B20C00007870770703C4653601010178, 0),
	(554, _binary 0xACED00057372000D6A6176612E74696D652E536572955D84BA1B2248B20C00007870770703C4653601010178, 0),
	(555, _binary 0xACED00057372000D6A6176612E74696D652E536572955D84BA1B2248B20C00007870770703C4653601010178, 0),
	(556, _binary 0xACED00057372000D6A6176612E74696D652E536572955D84BA1B2248B20C00007870770703C4653601010178, 0),
	(557, _binary 0xACED00057372000D6A6176612E74696D652E536572955D84BA1B2248B20C00007870770703C4653601010178, 0),
	(558, _binary 0xACED00057372000D6A6176612E74696D652E536572955D84BA1B2248B20C00007870770703C4653601010178, 0),
	(559, _binary 0xACED00057372000D6A6176612E74696D652E536572955D84BA1B2248B20C00007870770703C4653601010178, 0),
	(560, _binary 0xACED00057372000D6A6176612E74696D652E536572955D84BA1B2248B20C00007870770703C4653601010178, 0),
	(561, _binary 0xACED00057372000D6A6176612E74696D652E536572955D84BA1B2248B20C00007870770703C4653601010178, 0),
	(562, _binary 0xACED00057372000D6A6176612E74696D652E536572955D84BA1B2248B20C00007870770703C4653601010178, 0),
	(563, _binary 0xACED00057372000D6A6176612E74696D652E536572955D84BA1B2248B20C00007870770703C4653601010178, 0),
	(564, _binary 0xACED00057372000D6A6176612E74696D652E536572955D84BA1B2248B20C00007870770703C4653601010178, 0),
	(565, _binary 0xACED00057372000D6A6176612E74696D652E536572955D84BA1B2248B20C00007870770703C4653601010178, 0),
	(566, _binary 0xACED00057372000D6A6176612E74696D652E536572955D84BA1B2248B20C00007870770703C4653601010178, 0),
	(567, _binary 0xACED00057372000D6A6176612E74696D652E536572955D84BA1B2248B20C00007870770703C4653601010178, 0),
	(568, _binary 0xACED00057372000D6A6176612E74696D652E536572955D84BA1B2248B20C00007870770703C4653601010178, 0),
	(569, _binary 0xACED00057372000D6A6176612E74696D652E536572955D84BA1B2248B20C00007870770703C4653601010178, 0),
	(570, _binary 0xACED00057372000D6A6176612E74696D652E536572955D84BA1B2248B20C00007870770703C4653601010178, 0),
	(571, _binary 0xACED00057372000D6A6176612E74696D652E536572955D84BA1B2248B20C00007870770703C4653601010178, 0),
	(572, _binary 0xACED00057372000D6A6176612E74696D652E536572955D84BA1B2248B20C00007870770703C4653601010178, 0),
	(573, _binary 0xACED00057372000D6A6176612E74696D652E536572955D84BA1B2248B20C00007870770703C4653601010178, 0),
	(574, _binary 0xACED00057372000D6A6176612E74696D652E536572955D84BA1B2248B20C00007870770703C4653601010178, 0),
	(575, _binary 0xACED00057372000D6A6176612E74696D652E536572955D84BA1B2248B20C00007870770703C4653601010178, 0),
	(576, _binary 0xACED00057372000D6A6176612E74696D652E536572955D84BA1B2248B20C00007870770703C4653601010178, 0),
	(577, _binary 0xACED00057372000D6A6176612E74696D652E536572955D84BA1B2248B20C00007870770703C4653601010178, 0),
	(578, _binary 0xACED00057372000D6A6176612E74696D652E536572955D84BA1B2248B20C00007870770703C4653601010178, 0),
	(579, _binary 0xACED00057372000D6A6176612E74696D652E536572955D84BA1B2248B20C00007870770703C4653601010178, 0),
	(580, _binary 0xACED00057372000D6A6176612E74696D652E536572955D84BA1B2248B20C00007870770703C4653601010178, 0),
	(581, _binary 0xACED00057372000D6A6176612E74696D652E536572955D84BA1B2248B20C00007870770703C4653601010178, 0),
	(582, _binary 0xACED00057372000D6A6176612E74696D652E536572955D84BA1B2248B20C00007870770703C4653601010178, 0),
	(583, _binary 0xACED00057372000D6A6176612E74696D652E536572955D84BA1B2248B20C00007870770703C4653601010178, 0),
	(584, _binary 0xACED00057372000D6A6176612E74696D652E536572955D84BA1B2248B20C00007870770703C4653601010178, 0),
	(585, _binary 0xACED00057372000D6A6176612E74696D652E536572955D84BA1B2248B20C00007870770703C4653601010178, 0),
	(586, _binary 0xACED00057372000D6A6176612E74696D652E536572955D84BA1B2248B20C00007870770703C4653601010178, 0),
	(587, _binary 0xACED00057372000D6A6176612E74696D652E536572955D84BA1B2248B20C00007870770703C4653601010178, 0),
	(588, _binary 0xACED00057372000D6A6176612E74696D652E536572955D84BA1B2248B20C00007870770703C4653601010178, 0),
	(589, _binary 0xACED00057372000D6A6176612E74696D652E536572955D84BA1B2248B20C00007870770703C4653601010178, 0),
	(590, _binary 0xACED00057372000D6A6176612E74696D652E536572955D84BA1B2248B20C00007870770703C4653601010178, 0),
	(591, _binary 0xACED00057372000D6A6176612E74696D652E536572955D84BA1B2248B20C00007870770703C4653601010178, 0),
	(592, _binary 0xACED00057372000D6A6176612E74696D652E536572955D84BA1B2248B20C00007870770703C4653601010178, 0),
	(593, _binary 0xACED00057372000D6A6176612E74696D652E536572955D84BA1B2248B20C00007870770703C4653601010178, 0),
	(594, _binary 0xACED00057372000D6A6176612E74696D652E536572955D84BA1B2248B20C00007870770703C4653601010178, 0),
	(595, _binary 0xACED00057372000D6A6176612E74696D652E536572955D84BA1B2248B20C00007870770703C4653601010178, 0),
	(596, _binary 0xACED00057372000D6A6176612E74696D652E536572955D84BA1B2248B20C00007870770703C4653601010178, 0),
	(597, _binary 0xACED00057372000D6A6176612E74696D652E536572955D84BA1B2248B20C00007870770703C4653601010178, 0),
	(598, _binary 0xACED00057372000D6A6176612E74696D652E536572955D84BA1B2248B20C00007870770703C4653601010178, 0),
	(599, _binary 0xACED00057372000D6A6176612E74696D652E536572955D84BA1B2248B20C00007870770703C4653601010178, 0),
	(600, _binary 0xACED00057372000D6A6176612E74696D652E536572955D84BA1B2248B20C00007870770703C4653601010178, 0),
	(601, _binary 0xACED00057372000D6A6176612E74696D652E536572955D84BA1B2248B20C00007870770703C4653601010178, 0),
	(602, _binary 0xACED00057372000D6A6176612E74696D652E536572955D84BA1B2248B20C00007870770703C4653601010178, 0),
	(603, _binary 0xACED00057372000D6A6176612E74696D652E536572955D84BA1B2248B20C00007870770703C4653601010178, 0),
	(604, _binary 0xACED00057372000D6A6176612E74696D652E536572955D84BA1B2248B20C00007870770703C4653601010178, 0),
	(605, _binary 0xACED00057372000D6A6176612E74696D652E536572955D84BA1B2248B20C00007870770703C4653601010178, 0),
	(606, _binary 0xACED00057372000D6A6176612E74696D652E536572955D84BA1B2248B20C00007870770703C4653601010178, 0),
	(607, _binary 0xACED00057372000D6A6176612E74696D652E536572955D84BA1B2248B20C00007870770703C4653601010178, 0),
	(608, _binary 0xACED00057372000D6A6176612E74696D652E536572955D84BA1B2248B20C00007870770703C4653601010178, 0),
	(609, _binary 0xACED00057372000D6A6176612E74696D652E536572955D84BA1B2248B20C00007870770703C4653601010178, 0),
	(610, _binary 0xACED00057372000D6A6176612E74696D652E536572955D84BA1B2248B20C00007870770703C4653601010178, 0),
	(611, _binary 0xACED00057372000D6A6176612E74696D652E536572955D84BA1B2248B20C00007870770703C4653601010178, 0),
	(612, _binary 0xACED00057372000D6A6176612E74696D652E536572955D84BA1B2248B20C00007870770703C4653601010178, 0),
	(613, _binary 0xACED00057372000D6A6176612E74696D652E536572955D84BA1B2248B20C00007870770703C4653601010178, 0),
	(614, _binary 0xACED00057372000D6A6176612E74696D652E536572955D84BA1B2248B20C00007870770703C4653601010178, 0),
	(615, _binary 0xACED00057372000D6A6176612E74696D652E536572955D84BA1B2248B20C00007870770703C4653601010178, 0),
	(616, _binary 0xACED00057372000D6A6176612E74696D652E536572955D84BA1B2248B20C00007870770703C4653601010178, 0),
	(617, _binary 0xACED00057372000D6A6176612E74696D652E536572955D84BA1B2248B20C00007870770703C4653601010178, 0),
	(618, _binary 0xACED00057372000D6A6176612E74696D652E536572955D84BA1B2248B20C00007870770703C4653601010178, 0),
	(619, _binary 0xACED00057372000D6A6176612E74696D652E536572955D84BA1B2248B20C00007870770703C4653601010178, 0),
	(620, _binary 0xACED00057372000D6A6176612E74696D652E536572955D84BA1B2248B20C00007870770703C4653601010178, 0),
	(621, _binary 0xACED00057372000D6A6176612E74696D652E536572955D84BA1B2248B20C00007870770703C4653601010178, 0),
	(622, _binary 0xACED00057372000D6A6176612E74696D652E536572955D84BA1B2248B20C00007870770703C4653601010178, 0),
	(623, _binary 0xACED00057372000D6A6176612E74696D652E536572955D84BA1B2248B20C00007870770703C4653601010178, 0),
	(624, _binary 0xACED00057372000D6A6176612E74696D652E536572955D84BA1B2248B20C00007870770703C4653601010178, 0),
	(625, _binary 0xACED00057372000D6A6176612E74696D652E536572955D84BA1B2248B20C00007870770703C4653601010178, 0),
	(626, _binary 0xACED00057372000D6A6176612E74696D652E536572955D84BA1B2248B20C00007870770703C4653601010178, 0),
	(627, _binary 0xACED00057372000D6A6176612E74696D652E536572955D84BA1B2248B20C00007870770703C4653601010178, 0),
	(628, _binary 0xACED00057372000D6A6176612E74696D652E536572955D84BA1B2248B20C00007870770703C4653601010178, 0),
	(629, _binary 0xACED00057372000D6A6176612E74696D652E536572955D84BA1B2248B20C00007870770703C4653601010178, 0),
	(630, _binary 0xACED00057372000D6A6176612E74696D652E536572955D84BA1B2248B20C00007870770703C4653601010178, 0),
	(631, _binary 0xACED00057372000D6A6176612E74696D652E536572955D84BA1B2248B20C00007870770703C4653601010178, 0),
	(632, _binary 0xACED00057372000D6A6176612E74696D652E536572955D84BA1B2248B20C00007870770703C4653601010178, 0),
	(633, _binary 0xACED00057372000D6A6176612E74696D652E536572955D84BA1B2248B20C00007870770703C4653601010178, 0),
	(634, _binary 0xACED00057372000D6A6176612E74696D652E536572955D84BA1B2248B20C00007870770703C4653601010178, 0),
	(635, _binary 0xACED00057372000D6A6176612E74696D652E536572955D84BA1B2248B20C00007870770703C4653601010178, 0),
	(636, _binary 0xACED00057372000D6A6176612E74696D652E536572955D84BA1B2248B20C00007870770703C4653601010178, 0),
	(637, _binary 0xACED00057372000D6A6176612E74696D652E536572955D84BA1B2248B20C00007870770703C4653601010178, 0),
	(638, _binary 0xACED00057372000D6A6176612E74696D652E536572955D84BA1B2248B20C00007870770703C4653601010178, 0),
	(639, _binary 0xACED00057372000D6A6176612E74696D652E536572955D84BA1B2248B20C00007870770703C4653601010178, 0),
	(640, _binary 0xACED00057372000D6A6176612E74696D652E536572955D84BA1B2248B20C00007870770703C4653601010178, 0),
	(641, _binary 0xACED00057372000D6A6176612E74696D652E536572955D84BA1B2248B20C00007870770703C4653601010178, 0),
	(642, _binary 0xACED00057372000D6A6176612E74696D652E536572955D84BA1B2248B20C00007870770703C4653601010178, 0),
	(643, _binary 0xACED00057372000D6A6176612E74696D652E536572955D84BA1B2248B20C00007870770703C4653601010178, 0),
	(644, _binary 0xACED00057372000D6A6176612E74696D652E536572955D84BA1B2248B20C00007870770703C4653601010178, 0),
	(645, _binary 0xACED00057372000D6A6176612E74696D652E536572955D84BA1B2248B20C00007870770703C4653601010178, 0),
	(646, _binary 0xACED00057372000D6A6176612E74696D652E536572955D84BA1B2248B20C00007870770703C4653601010178, 0),
	(647, _binary 0xACED00057372000D6A6176612E74696D652E536572955D84BA1B2248B20C00007870770703C4653601010178, 0),
	(648, _binary 0xACED00057372000D6A6176612E74696D652E536572955D84BA1B2248B20C00007870770703C4653601010178, 0),
	(649, _binary 0xACED00057372000D6A6176612E74696D652E536572955D84BA1B2248B20C00007870770703C4653601010178, 0),
	(650, _binary 0xACED00057372000D6A6176612E74696D652E536572955D84BA1B2248B20C00007870770703C4653601010178, 0),
	(651, _binary 0xACED00057372000D6A6176612E74696D652E536572955D84BA1B2248B20C00007870770703C4653601010178, 0),
	(652, _binary 0xACED00057372000D6A6176612E74696D652E536572955D84BA1B2248B20C00007870770703C4653601010178, 0),
	(653, _binary 0xACED00057372000D6A6176612E74696D652E536572955D84BA1B2248B20C00007870770703C4653601010178, 0),
	(654, _binary 0xACED00057372000D6A6176612E74696D652E536572955D84BA1B2248B20C00007870770703C4653601010178, 0),
	(655, _binary 0xACED00057372000D6A6176612E74696D652E536572955D84BA1B2248B20C00007870770703C4653601010178, 0),
	(656, _binary 0xACED00057372000D6A6176612E74696D652E536572955D84BA1B2248B20C00007870770703C4653601010178, 0),
	(657, _binary 0xACED00057372000D6A6176612E74696D652E536572955D84BA1B2248B20C00007870770703C4653601010178, 0),
	(658, _binary 0xACED00057372000D6A6176612E74696D652E536572955D84BA1B2248B20C00007870770703C4653601010178, 0),
	(659, _binary 0xACED00057372000D6A6176612E74696D652E536572955D84BA1B2248B20C00007870770703C4653601010178, 0),
	(660, _binary 0xACED00057372000D6A6176612E74696D652E536572955D84BA1B2248B20C00007870770703C4653601010178, 0),
	(661, _binary 0xACED00057372000D6A6176612E74696D652E536572955D84BA1B2248B20C00007870770703C4653601010178, 0),
	(662, _binary 0xACED00057372000D6A6176612E74696D652E536572955D84BA1B2248B20C00007870770703C4653601010178, 0),
	(663, _binary 0xACED00057372000D6A6176612E74696D652E536572955D84BA1B2248B20C00007870770703C4653601010178, 0),
	(664, _binary 0xACED00057372000D6A6176612E74696D652E536572955D84BA1B2248B20C00007870770703C4653601010178, 0),
	(665, _binary 0xACED00057372000D6A6176612E74696D652E536572955D84BA1B2248B20C00007870770703C4653601010178, 0),
	(666, _binary 0xACED00057372000D6A6176612E74696D652E536572955D84BA1B2248B20C00007870770703C4653601010178, 0),
	(667, _binary 0xACED00057372000D6A6176612E74696D652E536572955D84BA1B2248B20C00007870770703C4653601010178, 0),
	(668, _binary 0xACED00057372000D6A6176612E74696D652E536572955D84BA1B2248B20C00007870770703C4653601010178, 0),
	(669, _binary 0xACED00057372000D6A6176612E74696D652E536572955D84BA1B2248B20C00007870770703C4653601010178, 0),
	(670, _binary 0xACED00057372000D6A6176612E74696D652E536572955D84BA1B2248B20C00007870770703C4653601010178, 0),
	(671, _binary 0xACED00057372000D6A6176612E74696D652E536572955D84BA1B2248B20C00007870770703C4653601010178, 0),
	(672, _binary 0xACED00057372000D6A6176612E74696D652E536572955D84BA1B2248B20C00007870770703C4653601010178, 0),
	(673, _binary 0xACED00057372000D6A6176612E74696D652E536572955D84BA1B2248B20C00007870770703C4653601010178, 0),
	(674, _binary 0xACED00057372000D6A6176612E74696D652E536572955D84BA1B2248B20C00007870770703C4653601010178, 0),
	(675, _binary 0xACED00057372000D6A6176612E74696D652E536572955D84BA1B2248B20C00007870770703C4653601010178, 0),
	(676, _binary 0xACED00057372000D6A6176612E74696D652E536572955D84BA1B2248B20C00007870770703C4653601010178, 0),
	(677, _binary 0xACED00057372000D6A6176612E74696D652E536572955D84BA1B2248B20C00007870770703C4653601010178, 0),
	(678, _binary 0xACED00057372000D6A6176612E74696D652E536572955D84BA1B2248B20C00007870770703C4653601010178, 0),
	(679, _binary 0xACED00057372000D6A6176612E74696D652E536572955D84BA1B2248B20C00007870770703C4653601010178, 0),
	(680, _binary 0xACED00057372000D6A6176612E74696D652E536572955D84BA1B2248B20C00007870770703C4653601010178, 0),
	(681, _binary 0xACED00057372000D6A6176612E74696D652E536572955D84BA1B2248B20C00007870770703C4653601010178, 0),
	(682, _binary 0xACED00057372000D6A6176612E74696D652E536572955D84BA1B2248B20C00007870770703C4653601010178, 0),
	(683, _binary 0xACED00057372000D6A6176612E74696D652E536572955D84BA1B2248B20C00007870770703C4653601010178, 0),
	(684, _binary 0xACED00057372000D6A6176612E74696D652E536572955D84BA1B2248B20C00007870770703C4653601010178, 0),
	(685, _binary 0xACED00057372000D6A6176612E74696D652E536572955D84BA1B2248B20C00007870770703C4653601010178, 0),
	(686, _binary 0xACED00057372000D6A6176612E74696D652E536572955D84BA1B2248B20C00007870770703C4653601010178, 0),
	(687, _binary 0xACED00057372000D6A6176612E74696D652E536572955D84BA1B2248B20C00007870770703C4653601010178, 0),
	(688, _binary 0xACED00057372000D6A6176612E74696D652E536572955D84BA1B2248B20C00007870770703C4653601010178, 0),
	(689, _binary 0xACED00057372000D6A6176612E74696D652E536572955D84BA1B2248B20C00007870770703C4653601010178, 0),
	(690, _binary 0xACED00057372000D6A6176612E74696D652E536572955D84BA1B2248B20C00007870770703C4653601010178, 0),
	(691, _binary 0xACED00057372000D6A6176612E74696D652E536572955D84BA1B2248B20C00007870770703C4653601010178, 0),
	(692, _binary 0xACED00057372000D6A6176612E74696D652E536572955D84BA1B2248B20C00007870770703C4653601010178, 0),
	(693, _binary 0xACED00057372000D6A6176612E74696D652E536572955D84BA1B2248B20C00007870770703C4653601010178, 0),
	(694, _binary 0xACED00057372000D6A6176612E74696D652E536572955D84BA1B2248B20C00007870770703C4653601010178, 0),
	(695, _binary 0xACED00057372000D6A6176612E74696D652E536572955D84BA1B2248B20C00007870770703C4653601010178, 0),
	(696, _binary 0xACED00057372000D6A6176612E74696D652E536572955D84BA1B2248B20C00007870770703C4653601010178, 0),
	(697, _binary 0xACED00057372000D6A6176612E74696D652E536572955D84BA1B2248B20C00007870770703C4653601010178, 0),
	(698, _binary 0xACED00057372000D6A6176612E74696D652E536572955D84BA1B2248B20C00007870770703C4653601010178, 0),
	(699, _binary 0xACED00057372000D6A6176612E74696D652E536572955D84BA1B2248B20C00007870770703C4653601010178, 0),
	(700, _binary 0xACED00057372000D6A6176612E74696D652E536572955D84BA1B2248B20C00007870770703C4653601010178, 0),
	(701, _binary 0xACED00057372000D6A6176612E74696D652E536572955D84BA1B2248B20C00007870770703C4653601010178, 0),
	(702, _binary 0xACED00057372000D6A6176612E74696D652E536572955D84BA1B2248B20C00007870770703C4653601010178, 0),
	(703, _binary 0xACED00057372000D6A6176612E74696D652E536572955D84BA1B2248B20C00007870770703C4653601010178, 0),
	(704, _binary 0xACED00057372000D6A6176612E74696D652E536572955D84BA1B2248B20C00007870770703C4653601010178, 0),
	(705, _binary 0xACED00057372000D6A6176612E74696D652E536572955D84BA1B2248B20C00007870770703C4653601010178, 0),
	(706, _binary 0xACED00057372000D6A6176612E74696D652E536572955D84BA1B2248B20C00007870770703C4653601010178, 0),
	(707, _binary 0xACED00057372000D6A6176612E74696D652E536572955D84BA1B2248B20C00007870770703C4653601010178, 0),
	(708, _binary 0xACED00057372000D6A6176612E74696D652E536572955D84BA1B2248B20C00007870770703C4653601010178, 0),
	(709, _binary 0xACED00057372000D6A6176612E74696D652E536572955D84BA1B2248B20C00007870770703C4653601010178, 0),
	(710, _binary 0xACED00057372000D6A6176612E74696D652E536572955D84BA1B2248B20C00007870770703C4653601010178, 0),
	(711, _binary 0xACED00057372000D6A6176612E74696D652E536572955D84BA1B2248B20C00007870770703C4653601010178, 0),
	(712, _binary 0xACED00057372000D6A6176612E74696D652E536572955D84BA1B2248B20C00007870770703C4653601010178, 0),
	(713, _binary 0xACED00057372000D6A6176612E74696D652E536572955D84BA1B2248B20C00007870770703C4653601010178, 0),
	(714, _binary 0xACED00057372000D6A6176612E74696D652E536572955D84BA1B2248B20C00007870770703C4653601010178, 0),
	(715, _binary 0xACED00057372000D6A6176612E74696D652E536572955D84BA1B2248B20C00007870770703C4653601010178, 0),
	(716, _binary 0xACED00057372000D6A6176612E74696D652E536572955D84BA1B2248B20C00007870770703C4653601010178, 0),
	(717, _binary 0xACED00057372000D6A6176612E74696D652E536572955D84BA1B2248B20C00007870770703C4653601010178, 0),
	(718, _binary 0xACED00057372000D6A6176612E74696D652E536572955D84BA1B2248B20C00007870770703C4653601010178, 0),
	(719, _binary 0xACED00057372000D6A6176612E74696D652E536572955D84BA1B2248B20C00007870770703C4653601010178, 0),
	(720, _binary 0xACED00057372000D6A6176612E74696D652E536572955D84BA1B2248B20C00007870770703C4653601010178, 0),
	(721, _binary 0xACED00057372000D6A6176612E74696D652E536572955D84BA1B2248B20C00007870770703C4653601010178, 0),
	(722, _binary 0xACED00057372000D6A6176612E74696D652E536572955D84BA1B2248B20C00007870770703C4653601010178, 0),
	(723, _binary 0xACED00057372000D6A6176612E74696D652E536572955D84BA1B2248B20C00007870770703C4653601010178, 0),
	(724, _binary 0xACED00057372000D6A6176612E74696D652E536572955D84BA1B2248B20C00007870770703C4653601010178, 0),
	(725, _binary 0xACED00057372000D6A6176612E74696D652E536572955D84BA1B2248B20C00007870770703C4653601010178, 0),
	(726, _binary 0xACED00057372000D6A6176612E74696D652E536572955D84BA1B2248B20C00007870770703C4653601010178, 0),
	(727, _binary 0xACED00057372000D6A6176612E74696D652E536572955D84BA1B2248B20C00007870770703C4653601010178, 0),
	(728, _binary 0xACED00057372000D6A6176612E74696D652E536572955D84BA1B2248B20C00007870770703C4653601010178, 0),
	(729, _binary 0xACED00057372000D6A6176612E74696D652E536572955D84BA1B2248B20C00007870770703C4653601010178, 0),
	(730, _binary 0xACED00057372000D6A6176612E74696D652E536572955D84BA1B2248B20C00007870770703C4653601010178, 0),
	(731, _binary 0xACED00057372000D6A6176612E74696D652E536572955D84BA1B2248B20C00007870770703C4653601010178, 0),
	(732, _binary 0xACED00057372000D6A6176612E74696D652E536572955D84BA1B2248B20C00007870770703C4653601010178, 0),
	(733, _binary 0xACED00057372000D6A6176612E74696D652E536572955D84BA1B2248B20C00007870770703C4653601010178, 0),
	(734, _binary 0xACED00057372000D6A6176612E74696D652E536572955D84BA1B2248B20C00007870770703C4653601010178, 0),
	(735, _binary 0xACED00057372000D6A6176612E74696D652E536572955D84BA1B2248B20C00007870770703C4653601010178, 0),
	(736, _binary 0xACED00057372000D6A6176612E74696D652E536572955D84BA1B2248B20C00007870770703C4653601010178, 0),
	(737, _binary 0xACED00057372000D6A6176612E74696D652E536572955D84BA1B2248B20C00007870770703C4653601010178, 0),
	(738, _binary 0xACED00057372000D6A6176612E74696D652E536572955D84BA1B2248B20C00007870770703C4653601010178, 0),
	(739, _binary 0xACED00057372000D6A6176612E74696D652E536572955D84BA1B2248B20C00007870770703C4653601010178, 0),
	(740, _binary 0xACED00057372000D6A6176612E74696D652E536572955D84BA1B2248B20C00007870770703C4653601010178, 0),
	(741, _binary 0xACED00057372000D6A6176612E74696D652E536572955D84BA1B2248B20C00007870770703C4653601010178, 0),
	(742, _binary 0xACED00057372000D6A6176612E74696D652E536572955D84BA1B2248B20C00007870770703C4653601010178, 0),
	(743, _binary 0xACED00057372000D6A6176612E74696D652E536572955D84BA1B2248B20C00007870770703C4653601010178, 0),
	(744, _binary 0xACED00057372000D6A6176612E74696D652E536572955D84BA1B2248B20C00007870770703C4653601010178, 0),
	(745, _binary 0xACED00057372000D6A6176612E74696D652E536572955D84BA1B2248B20C00007870770703C4653601010178, 0),
	(746, _binary 0xACED00057372000D6A6176612E74696D652E536572955D84BA1B2248B20C00007870770703C4653601010178, 0),
	(747, _binary 0xACED00057372000D6A6176612E74696D652E536572955D84BA1B2248B20C00007870770703C4653601010178, 0),
	(748, _binary 0xACED00057372000D6A6176612E74696D652E536572955D84BA1B2248B20C00007870770703C4653601010178, 0),
	(749, _binary 0xACED00057372000D6A6176612E74696D652E536572955D84BA1B2248B20C00007870770703C4653601010178, 0),
	(750, _binary 0xACED00057372000D6A6176612E74696D652E536572955D84BA1B2248B20C00007870770703C4653601010178, 0),
	(751, _binary 0xACED00057372000D6A6176612E74696D652E536572955D84BA1B2248B20C00007870770703C4653601010178, 0),
	(752, _binary 0xACED00057372000D6A6176612E74696D652E536572955D84BA1B2248B20C00007870770703C4653601010178, 0),
	(753, _binary 0xACED00057372000D6A6176612E74696D652E536572955D84BA1B2248B20C00007870770703C4653601010178, 0),
	(754, _binary 0xACED00057372000D6A6176612E74696D652E536572955D84BA1B2248B20C00007870770703C4653601010178, 0),
	(755, _binary 0xACED00057372000D6A6176612E74696D652E536572955D84BA1B2248B20C00007870770703C4653601010178, 0),
	(756, _binary 0xACED00057372000D6A6176612E74696D652E536572955D84BA1B2248B20C00007870770703C4653601010178, 0),
	(757, _binary 0xACED00057372000D6A6176612E74696D652E536572955D84BA1B2248B20C00007870770703C4653601010178, 0),
	(758, _binary 0xACED00057372000D6A6176612E74696D652E536572955D84BA1B2248B20C00007870770703C4653601010178, 0),
	(759, _binary 0xACED00057372000D6A6176612E74696D652E536572955D84BA1B2248B20C00007870770703C4653601010178, 0),
	(760, _binary 0xACED00057372000D6A6176612E74696D652E536572955D84BA1B2248B20C00007870770703C4653601010178, 0),
	(761, _binary 0xACED00057372000D6A6176612E74696D652E536572955D84BA1B2248B20C00007870770703C4653601010178, 0),
	(762, _binary 0xACED00057372000D6A6176612E74696D652E536572955D84BA1B2248B20C00007870770703C4653601010178, 0),
	(763, _binary 0xACED00057372000D6A6176612E74696D652E536572955D84BA1B2248B20C00007870770703C4653601010178, 0),
	(764, _binary 0xACED00057372000D6A6176612E74696D652E536572955D84BA1B2248B20C00007870770703C4653601010178, 0),
	(765, _binary 0xACED00057372000D6A6176612E74696D652E536572955D84BA1B2248B20C00007870770703C4653601010178, 0),
	(766, _binary 0xACED00057372000D6A6176612E74696D652E536572955D84BA1B2248B20C00007870770703C4653601010178, 0),
	(767, _binary 0xACED00057372000D6A6176612E74696D652E536572955D84BA1B2248B20C00007870770703C4653601010178, 0),
	(768, _binary 0xACED00057372000D6A6176612E74696D652E536572955D84BA1B2248B20C00007870770703C4653601010178, 0),
	(769, _binary 0xACED00057372000D6A6176612E74696D652E536572955D84BA1B2248B20C00007870770703C4653601010178, 0),
	(770, _binary 0xACED00057372000D6A6176612E74696D652E536572955D84BA1B2248B20C00007870770703C4653601010178, 0),
	(771, _binary 0xACED00057372000D6A6176612E74696D652E536572955D84BA1B2248B20C00007870770703C4653601010178, 0),
	(772, _binary 0xACED00057372000D6A6176612E74696D652E536572955D84BA1B2248B20C00007870770703C4653601010178, 0),
	(773, _binary 0xACED00057372000D6A6176612E74696D652E536572955D84BA1B2248B20C00007870770703C4653601010178, 0),
	(774, _binary 0xACED00057372000D6A6176612E74696D652E536572955D84BA1B2248B20C00007870770703C4653601010178, 0),
	(775, _binary 0xACED00057372000D6A6176612E74696D652E536572955D84BA1B2248B20C00007870770703C4653601010178, 0),
	(776, _binary 0xACED00057372000D6A6176612E74696D652E536572955D84BA1B2248B20C00007870770703C4653601010178, 0),
	(777, _binary 0xACED00057372000D6A6176612E74696D652E536572955D84BA1B2248B20C00007870770703C4653601010178, 0),
	(778, _binary 0xACED00057372000D6A6176612E74696D652E536572955D84BA1B2248B20C00007870770703C4653601010178, 0),
	(779, _binary 0xACED00057372000D6A6176612E74696D652E536572955D84BA1B2248B20C00007870770703C4653601010178, 0),
	(780, _binary 0xACED00057372000D6A6176612E74696D652E536572955D84BA1B2248B20C00007870770703C4653601010178, 0),
	(781, _binary 0xACED00057372000D6A6176612E74696D652E536572955D84BA1B2248B20C00007870770703C4653601010178, 0),
	(782, _binary 0xACED00057372000D6A6176612E74696D652E536572955D84BA1B2248B20C00007870770703C4653601010178, 0),
	(783, _binary 0xACED00057372000D6A6176612E74696D652E536572955D84BA1B2248B20C00007870770703C4653601010178, 0),
	(784, _binary 0xACED00057372000D6A6176612E74696D652E536572955D84BA1B2248B20C00007870770703C4653601010178, 0),
	(785, _binary 0xACED00057372000D6A6176612E74696D652E536572955D84BA1B2248B20C00007870770703C4653601010178, 0),
	(786, _binary 0xACED00057372000D6A6176612E74696D652E536572955D84BA1B2248B20C00007870770703C4653601010178, 0),
	(787, _binary 0xACED00057372000D6A6176612E74696D652E536572955D84BA1B2248B20C00007870770703C4653601010178, 0),
	(788, _binary 0xACED00057372000D6A6176612E74696D652E536572955D84BA1B2248B20C00007870770703C4653601010178, 0),
	(789, _binary 0xACED00057372000D6A6176612E74696D652E536572955D84BA1B2248B20C00007870770703C4653601010178, 0),
	(790, _binary 0xACED00057372000D6A6176612E74696D652E536572955D84BA1B2248B20C00007870770703C4653601010178, 0),
	(791, _binary 0xACED00057372000D6A6176612E74696D652E536572955D84BA1B2248B20C00007870770703C4653601010178, 0),
	(792, _binary 0xACED00057372000D6A6176612E74696D652E536572955D84BA1B2248B20C00007870770703C4653601010178, 0),
	(793, _binary 0xACED00057372000D6A6176612E74696D652E536572955D84BA1B2248B20C00007870770703C4653601010178, 0),
	(794, _binary 0xACED00057372000D6A6176612E74696D652E536572955D84BA1B2248B20C00007870770703C4653601010178, 0),
	(795, _binary 0xACED00057372000D6A6176612E74696D652E536572955D84BA1B2248B20C00007870770703C4653601010178, 0),
	(796, _binary 0xACED00057372000D6A6176612E74696D652E536572955D84BA1B2248B20C00007870770703C4653601010178, 0),
	(797, _binary 0xACED00057372000D6A6176612E74696D652E536572955D84BA1B2248B20C00007870770703C4653601010178, 0),
	(798, _binary 0xACED00057372000D6A6176612E74696D652E536572955D84BA1B2248B20C00007870770703C4653601010178, 0),
	(799, _binary 0xACED00057372000D6A6176612E74696D652E536572955D84BA1B2248B20C00007870770703C4653601010178, 0),
	(800, _binary 0xACED00057372000D6A6176612E74696D652E536572955D84BA1B2248B20C00007870770703C4653601010178, 0),
	(801, _binary 0xACED00057372000D6A6176612E74696D652E536572955D84BA1B2248B20C00007870770703C4653601010178, 0),
	(802, _binary 0xACED00057372000D6A6176612E74696D652E536572955D84BA1B2248B20C00007870770703C4653601010178, 0),
	(803, _binary 0xACED00057372000D6A6176612E74696D652E536572955D84BA1B2248B20C00007870770703C4653601010178, 0),
	(804, _binary 0xACED00057372000D6A6176612E74696D652E536572955D84BA1B2248B20C00007870770703C4653601010178, 0),
	(805, _binary 0xACED00057372000D6A6176612E74696D652E536572955D84BA1B2248B20C00007870770703C4653601010178, 0),
	(806, _binary 0xACED00057372000D6A6176612E74696D652E536572955D84BA1B2248B20C00007870770703C4653601010178, 0),
	(807, _binary 0xACED00057372000D6A6176612E74696D652E536572955D84BA1B2248B20C00007870770703C4653601010178, 0),
	(808, _binary 0xACED00057372000D6A6176612E74696D652E536572955D84BA1B2248B20C00007870770703C4653601010178, 0),
	(809, _binary 0xACED00057372000D6A6176612E74696D652E536572955D84BA1B2248B20C00007870770703C4653601010178, 0),
	(810, _binary 0xACED00057372000D6A6176612E74696D652E536572955D84BA1B2248B20C00007870770703C4653601010178, 0),
	(811, _binary 0xACED00057372000D6A6176612E74696D652E536572955D84BA1B2248B20C00007870770703C4653601010178, 0),
	(812, _binary 0xACED00057372000D6A6176612E74696D652E536572955D84BA1B2248B20C00007870770703C4653601010178, 0),
	(813, _binary 0xACED00057372000D6A6176612E74696D652E536572955D84BA1B2248B20C00007870770703C4653601010178, 0),
	(814, _binary 0xACED00057372000D6A6176612E74696D652E536572955D84BA1B2248B20C00007870770703C4653601010178, 0),
	(815, _binary 0xACED00057372000D6A6176612E74696D652E536572955D84BA1B2248B20C00007870770703C4653601010178, 0),
	(816, _binary 0xACED00057372000D6A6176612E74696D652E536572955D84BA1B2248B20C00007870770703C4653601010178, 0),
	(817, _binary 0xACED00057372000D6A6176612E74696D652E536572955D84BA1B2248B20C00007870770703C4653601010178, 0),
	(818, _binary 0xACED00057372000D6A6176612E74696D652E536572955D84BA1B2248B20C00007870770703C4653601010178, 0),
	(819, _binary 0xACED00057372000D6A6176612E74696D652E536572955D84BA1B2248B20C00007870770703C4653601010178, 0),
	(820, _binary 0xACED00057372000D6A6176612E74696D652E536572955D84BA1B2248B20C00007870770703C4653601010178, 0),
	(821, _binary 0xACED00057372000D6A6176612E74696D652E536572955D84BA1B2248B20C00007870770703C4653601010178, 0),
	(822, _binary 0xACED00057372000D6A6176612E74696D652E536572955D84BA1B2248B20C00007870770703C4653601010178, 0),
	(823, _binary 0xACED00057372000D6A6176612E74696D652E536572955D84BA1B2248B20C00007870770703C4653601010178, 0),
	(824, _binary 0xACED00057372000D6A6176612E74696D652E536572955D84BA1B2248B20C00007870770703C4653601010178, 0),
	(825, _binary 0xACED00057372000D6A6176612E74696D652E536572955D84BA1B2248B20C00007870770703C4653601010178, 0),
	(826, _binary 0xACED00057372000D6A6176612E74696D652E536572955D84BA1B2248B20C00007870770703C4653601010178, 0),
	(827, _binary 0xACED00057372000D6A6176612E74696D652E536572955D84BA1B2248B20C00007870770703C4653601010178, 0),
	(828, _binary 0xACED00057372000D6A6176612E74696D652E536572955D84BA1B2248B20C00007870770703C4653601010178, 0),
	(829, _binary 0xACED00057372000D6A6176612E74696D652E536572955D84BA1B2248B20C00007870770703C4653601010178, 0),
	(830, _binary 0xACED00057372000D6A6176612E74696D652E536572955D84BA1B2248B20C00007870770703C4653601010178, 0),
	(831, _binary 0xACED00057372000D6A6176612E74696D652E536572955D84BA1B2248B20C00007870770703C4653601010178, 0),
	(832, _binary 0xACED00057372000D6A6176612E74696D652E536572955D84BA1B2248B20C00007870770703C4653601010178, 0),
	(833, _binary 0xACED00057372000D6A6176612E74696D652E536572955D84BA1B2248B20C00007870770703C4653601010178, 0),
	(834, _binary 0xACED00057372000D6A6176612E74696D652E536572955D84BA1B2248B20C00007870770703C4653601010178, 0),
	(835, _binary 0xACED00057372000D6A6176612E74696D652E536572955D84BA1B2248B20C00007870770703C4653601010178, 0),
	(836, _binary 0xACED00057372000D6A6176612E74696D652E536572955D84BA1B2248B20C00007870770703C4653601010178, 0),
	(837, _binary 0xACED00057372000D6A6176612E74696D652E536572955D84BA1B2248B20C00007870770703C4653601010178, 0),
	(838, _binary 0xACED00057372000D6A6176612E74696D652E536572955D84BA1B2248B20C00007870770703C4653601010178, 0),
	(839, _binary 0xACED00057372000D6A6176612E74696D652E536572955D84BA1B2248B20C00007870770703C4653601010178, 0),
	(840, _binary 0xACED00057372000D6A6176612E74696D652E536572955D84BA1B2248B20C00007870770703C4653601010178, 0),
	(841, _binary 0xACED00057372000D6A6176612E74696D652E536572955D84BA1B2248B20C00007870770703C4653601010178, 0),
	(842, _binary 0xACED00057372000D6A6176612E74696D652E536572955D84BA1B2248B20C00007870770703C4653601010178, 0),
	(843, _binary 0xACED00057372000D6A6176612E74696D652E536572955D84BA1B2248B20C00007870770703C4653601010178, 0),
	(844, _binary 0xACED00057372000D6A6176612E74696D652E536572955D84BA1B2248B20C00007870770703C4653601010178, 0),
	(845, _binary 0xACED00057372000D6A6176612E74696D652E536572955D84BA1B2248B20C00007870770703C4653601010178, 0),
	(846, _binary 0xACED00057372000D6A6176612E74696D652E536572955D84BA1B2248B20C00007870770703C4653601010178, 0),
	(847, _binary 0xACED00057372000D6A6176612E74696D652E536572955D84BA1B2248B20C00007870770703C4653601010178, 0),
	(848, _binary 0xACED00057372000D6A6176612E74696D652E536572955D84BA1B2248B20C00007870770703C4653601010178, 0),
	(849, _binary 0xACED00057372000D6A6176612E74696D652E536572955D84BA1B2248B20C00007870770703C4653601010178, 0),
	(850, _binary 0xACED00057372000D6A6176612E74696D652E536572955D84BA1B2248B20C00007870770703C4653601010178, 0),
	(851, _binary 0xACED00057372000D6A6176612E74696D652E536572955D84BA1B2248B20C00007870770703C4653601010178, 0),
	(852, _binary 0xACED00057372000D6A6176612E74696D652E536572955D84BA1B2248B20C00007870770703C4653601010178, 0),
	(853, _binary 0xACED00057372000D6A6176612E74696D652E536572955D84BA1B2248B20C00007870770703C4653601010178, 0),
	(854, _binary 0xACED00057372000D6A6176612E74696D652E536572955D84BA1B2248B20C00007870770703C4653601010178, 0),
	(855, _binary 0xACED00057372000D6A6176612E74696D652E536572955D84BA1B2248B20C00007870770703C4653601010178, 0),
	(856, _binary 0xACED00057372000D6A6176612E74696D652E536572955D84BA1B2248B20C00007870770703C4653601010178, 0),
	(857, _binary 0xACED00057372000D6A6176612E74696D652E536572955D84BA1B2248B20C00007870770703C4653601010178, 0),
	(858, _binary 0xACED00057372000D6A6176612E74696D652E536572955D84BA1B2248B20C00007870770703C4653601010178, 0),
	(859, _binary 0xACED00057372000D6A6176612E74696D652E536572955D84BA1B2248B20C00007870770703C4653601010178, 0),
	(860, _binary 0xACED00057372000D6A6176612E74696D652E536572955D84BA1B2248B20C00007870770703C4653601010178, 0),
	(861, _binary 0xACED00057372000D6A6176612E74696D652E536572955D84BA1B2248B20C00007870770703C4653601010178, 0),
	(862, _binary 0xACED00057372000D6A6176612E74696D652E536572955D84BA1B2248B20C00007870770703C4653601010178, 0),
	(863, _binary 0xACED00057372000D6A6176612E74696D652E536572955D84BA1B2248B20C00007870770703C4653601010178, 0),
	(864, _binary 0xACED00057372000D6A6176612E74696D652E536572955D84BA1B2248B20C00007870770703C4653601010178, 0),
	(865, _binary 0xACED00057372000D6A6176612E74696D652E536572955D84BA1B2248B20C00007870770703C4653601010178, 0),
	(866, _binary 0xACED00057372000D6A6176612E74696D652E536572955D84BA1B2248B20C00007870770703C4653601010178, 0),
	(867, _binary 0xACED00057372000D6A6176612E74696D652E536572955D84BA1B2248B20C00007870770703C4653601010178, 0),
	(868, _binary 0xACED00057372000D6A6176612E74696D652E536572955D84BA1B2248B20C00007870770703C4653601010178, 0),
	(869, _binary 0xACED00057372000D6A6176612E74696D652E536572955D84BA1B2248B20C00007870770703C4653601010178, 0),
	(870, _binary 0xACED00057372000D6A6176612E74696D652E536572955D84BA1B2248B20C00007870770703C4653601010178, 0),
	(871, _binary 0xACED00057372000D6A6176612E74696D652E536572955D84BA1B2248B20C00007870770703C4653601010178, 0),
	(872, _binary 0xACED00057372000D6A6176612E74696D652E536572955D84BA1B2248B20C00007870770703C4653601010178, 0),
	(873, _binary 0xACED00057372000D6A6176612E74696D652E536572955D84BA1B2248B20C00007870770703C4653601010178, 0),
	(874, _binary 0xACED00057372000D6A6176612E74696D652E536572955D84BA1B2248B20C00007870770703C4653601010178, 0),
	(875, _binary 0xACED00057372000D6A6176612E74696D652E536572955D84BA1B2248B20C00007870770703C4653601010178, 0),
	(876, _binary 0xACED00057372000D6A6176612E74696D652E536572955D84BA1B2248B20C00007870770703C4653601010178, 0),
	(877, _binary 0xACED00057372000D6A6176612E74696D652E536572955D84BA1B2248B20C00007870770703C4653601010178, 0),
	(878, _binary 0xACED00057372000D6A6176612E74696D652E536572955D84BA1B2248B20C00007870770703C4653601010178, 0),
	(879, _binary 0xACED00057372000D6A6176612E74696D652E536572955D84BA1B2248B20C00007870770703C4653601010178, 0),
	(880, _binary 0xACED00057372000D6A6176612E74696D652E536572955D84BA1B2248B20C00007870770703C4653601010178, 0),
	(881, _binary 0xACED00057372000D6A6176612E74696D652E536572955D84BA1B2248B20C00007870770703C4653601010178, 0),
	(882, _binary 0xACED00057372000D6A6176612E74696D652E536572955D84BA1B2248B20C00007870770703C4653601010178, 0),
	(883, _binary 0xACED00057372000D6A6176612E74696D652E536572955D84BA1B2248B20C00007870770703C4653601010178, 0),
	(884, _binary 0xACED00057372000D6A6176612E74696D652E536572955D84BA1B2248B20C00007870770703C4653601010178, 0),
	(885, _binary 0xACED00057372000D6A6176612E74696D652E536572955D84BA1B2248B20C00007870770703C4653601010178, 0),
	(886, _binary 0xACED00057372000D6A6176612E74696D652E536572955D84BA1B2248B20C00007870770703C4653601010178, 0),
	(887, _binary 0xACED00057372000D6A6176612E74696D652E536572955D84BA1B2248B20C00007870770703C4653601010178, 0),
	(888, _binary 0xACED00057372000D6A6176612E74696D652E536572955D84BA1B2248B20C00007870770703C4653601010178, 0),
	(889, _binary 0xACED00057372000D6A6176612E74696D652E536572955D84BA1B2248B20C00007870770703C4653601010178, 0),
	(890, _binary 0xACED00057372000D6A6176612E74696D652E536572955D84BA1B2248B20C00007870770703C4653601010178, 0),
	(891, _binary 0xACED00057372000D6A6176612E74696D652E536572955D84BA1B2248B20C00007870770703C4653601010178, 0),
	(892, _binary 0xACED00057372000D6A6176612E74696D652E536572955D84BA1B2248B20C00007870770703C4653601010178, 0),
	(893, _binary 0xACED00057372000D6A6176612E74696D652E536572955D84BA1B2248B20C00007870770703C4653601010178, 0),
	(894, _binary 0xACED00057372000D6A6176612E74696D652E536572955D84BA1B2248B20C00007870770703C4653601010178, 0);
/*!40000 ALTER TABLE `revize` ENABLE KEYS */;

-- Dumping structure for table enisapp.role
CREATE TABLE IF NOT EXISTS `role` (
  `id` bigint(20) NOT NULL AUTO_INCREMENT,
  `nazev` varchar(255) DEFAULT NULL,
  PRIMARY KEY (`id`)
) ENGINE=InnoDB AUTO_INCREMENT=2 DEFAULT CHARSET=latin1;

-- Dumping data for table enisapp.role: ~1 rows (approximately)
/*!40000 ALTER TABLE `role` DISABLE KEYS */;
REPLACE INTO `role` (`id`, `nazev`) VALUES
	(1, 'ADMIN');
/*!40000 ALTER TABLE `role` ENABLE KEYS */;

-- Dumping structure for table enisapp.rozmery
CREATE TABLE IF NOT EXISTS `rozmery` (
  `id` bigint(20) NOT NULL AUTO_INCREMENT,
  `delka_pres_narazniky` bigint(20) NOT NULL,
  `lozne_rozmery_id` bigint(20) NOT NULL,
  PRIMARY KEY (`id`),
  KEY `FKltiy6255xvnct4lo6gmvpen42` (`lozne_rozmery_id`),
  CONSTRAINT `FKltiy6255xvnct4lo6gmvpen42` FOREIGN KEY (`lozne_rozmery_id`) REFERENCES `lozne_rozmery` (`id`)
) ENGINE=InnoDB AUTO_INCREMENT=895 DEFAULT CHARSET=latin1;

-- Dumping data for table enisapp.rozmery: ~1,072 rows (approximately)
/*!40000 ALTER TABLE `rozmery` DISABLE KEYS */;
REPLACE INTO `rozmery` (`id`, `delka_pres_narazniky`, `lozne_rozmery_id`) VALUES
	(1, 960, 1),
	(2, 964, 2),
	(3, 964, 3),
	(4, 964, 4),
	(5, 964, 5),
	(6, 964, 6),
	(7, 964, 7),
	(8, 964, 8),
	(9, 2350, 9),
	(10, 2350, 10),
	(11, 2350, 11),
	(12, 3098, 12),
	(13, 3098, 13),
	(14, 3098, 14),
	(15, 3098, 15),
	(16, 3098, 16),
	(17, 3098, 17),
	(18, 3098, 18),
	(19, 3098, 19),
	(20, 3098, 20),
	(21, 3098, 21),
	(22, 3098, 22),
	(23, 3098, 23),
	(24, 3098, 24),
	(25, 3098, 25),
	(26, 3090, 26),
	(27, 1390, 27),
	(28, 1390, 28),
	(29, 1390, 29),
	(30, 2164, 30),
	(31, 2164, 31),
	(32, 1990, 32),
	(33, 1990, 33),
	(34, 1990, 34),
	(35, 2594, 35),
	(36, 2594, 36),
	(37, 2594, 37),
	(38, 2594, 38),
	(39, 2594, 39),
	(40, 2590, 40),
	(41, 2594, 41),
	(42, 2594, 42),
	(43, 2594, 43),
	(44, 2594, 44),
	(45, 2594, 45),
	(46, 2594, 46),
	(47, 2594, 47),
	(48, 2594, 48),
	(49, 2594, 49),
	(50, 2594, 50),
	(51, 2594, 51),
	(52, 2594, 52),
	(53, 2594, 53),
	(54, 2594, 54),
	(55, 2594, 55),
	(56, 2594, 56),
	(57, 2594, 57),
	(58, 2594, 58),
	(59, 2594, 59),
	(60, 2594, 60),
	(61, 2594, 61),
	(62, 2594, 62),
	(63, 2594, 63),
	(64, 2594, 64),
	(65, 2594, 65),
	(66, 2594, 66),
	(67, 2594, 67),
	(68, 2594, 68),
	(69, 2594, 69),
	(70, 2594, 70),
	(71, 2594, 71),
	(72, 2594, 72),
	(73, 2594, 73),
	(74, 2594, 74),
	(75, 2594, 75),
	(76, 2594, 76),
	(77, 2594, 77),
	(78, 2594, 78),
	(79, 2594, 79),
	(80, 2594, 80),
	(81, 2594, 81),
	(82, 2594, 82),
	(83, 2594, 83),
	(84, 2594, 84),
	(85, 2594, 85),
	(86, 2594, 86),
	(87, 2594, 87),
	(88, 2594, 88),
	(89, 2600, 89),
	(90, 2594, 90),
	(91, 2594, 91),
	(92, 2594, 92),
	(93, 2594, 93),
	(94, 2594, 94),
	(95, 2670, 95),
	(96, 2670, 96),
	(97, 2670, 97),
	(98, 2670, 98),
	(99, 2670, 99),
	(100, 2670, 100),
	(101, 2670, 101),
	(102, 2670, 102),
	(103, 2670, 103),
	(104, 2670, 104),
	(105, 2670, 105),
	(106, 2639, 106),
	(107, 2639, 107),
	(108, 2639, 108),
	(109, 2639, 109),
	(110, 2639, 110),
	(111, 2639, 111),
	(112, 2639, 112),
	(113, 2639, 113),
	(114, 2639, 114),
	(115, 2639, 115),
	(116, 2639, 116),
	(117, 2639, 117),
	(118, 2639, 118),
	(119, 2639, 119),
	(120, 2639, 120),
	(121, 2639, 121),
	(122, 2639, 122),
	(123, 2639, 123),
	(124, 2639, 124),
	(125, 2639, 125),
	(126, 2639, 126),
	(127, 2639, 127),
	(128, 2639, 128),
	(129, 2639, 129),
	(130, 2639, 130),
	(131, 2639, 131),
	(132, 2639, 132),
	(133, 2639, 133),
	(134, 2639, 134),
	(135, 2639, 135),
	(136, 2639, 136),
	(137, 2639, 137),
	(138, 2639, 138),
	(139, 2639, 139),
	(140, 2639, 140),
	(141, 2639, 141),
	(142, 2639, 142),
	(143, 2639, 143),
	(144, 2639, 144),
	(145, 2639, 145),
	(146, 2639, 146),
	(147, 2639, 147),
	(148, 2639, 148),
	(149, 2639, 149),
	(150, 2639, 150),
	(151, 2639, 151),
	(152, 2639, 152),
	(153, 2639, 153),
	(154, 2639, 154),
	(155, 2639, 155),
	(156, 2639, 156),
	(157, 2639, 157),
	(158, 2639, 158),
	(159, 2639, 159),
	(160, 2639, 160),
	(161, 2639, 161),
	(162, 2639, 162),
	(163, 2639, 163),
	(164, 2639, 164),
	(165, 2639, 165),
	(166, 2639, 166),
	(167, 2639, 167),
	(168, 2639, 168),
	(169, 2639, 169),
	(170, 2639, 170),
	(171, 2639, 171),
	(172, 2639, 172),
	(173, 2639, 173),
	(174, 2639, 174),
	(175, 2639, 175),
	(176, 2639, 176),
	(177, 2639, 177),
	(178, 2639, 178),
	(179, 2639, 179),
	(180, 2639, 180),
	(181, 2639, 181),
	(182, 2639, 182),
	(183, 2639, 183),
	(184, 2639, 184),
	(185, 2639, 185),
	(186, 2639, 186),
	(187, 2639, 187),
	(188, 2639, 188),
	(189, 2639, 189),
	(190, 2639, 190),
	(191, 2639, 191),
	(192, 2639, 192),
	(193, 2639, 193),
	(194, 2639, 194),
	(195, 2639, 195),
	(196, 2639, 196),
	(197, 2639, 197),
	(198, 2639, 198),
	(199, 2639, 199),
	(200, 2639, 200),
	(201, 2639, 201),
	(202, 2639, 202),
	(203, 2639, 203),
	(204, 2639, 204),
	(205, 2639, 205),
	(206, 2639, 206),
	(207, 2639, 207),
	(208, 2639, 208),
	(209, 2639, 209),
	(210, 2639, 210),
	(211, 2639, 211),
	(212, 2639, 212),
	(213, 2639, 213),
	(214, 2639, 214),
	(215, 2639, 215),
	(216, 2639, 216),
	(217, 2639, 217),
	(218, 2639, 218),
	(219, 2639, 219),
	(220, 2639, 220),
	(221, 2639, 221),
	(222, 2639, 222),
	(223, 2639, 223),
	(224, 2639, 224),
	(225, 2639, 225),
	(226, 2639, 226),
	(227, 2639, 227),
	(228, 2639, 228),
	(229, 2639, 229),
	(230, 2639, 230),
	(231, 2639, 231),
	(232, 2639, 232),
	(233, 2639, 233),
	(234, 2639, 234),
	(235, 2639, 235),
	(236, 2639, 236),
	(237, 2639, 237),
	(238, 2639, 238),
	(239, 2639, 239),
	(240, 2639, 240),
	(241, 2639, 241),
	(242, 2639, 242),
	(243, 2639, 243),
	(244, 2639, 244),
	(245, 2639, 245),
	(246, 2639, 246),
	(247, 2639, 247),
	(248, 2639, 248),
	(249, 2639, 249),
	(250, 2639, 250),
	(251, 2639, 251),
	(252, 2639, 252),
	(253, 2639, 253),
	(254, 2639, 254),
	(255, 2639, 255),
	(256, 2639, 256),
	(257, 2639, 257),
	(258, 2639, 258),
	(259, 2639, 259),
	(260, 2639, 260),
	(261, 2639, 261),
	(262, 2639, 262),
	(263, 2639, 263),
	(264, 2639, 264),
	(265, 2639, 265),
	(266, 2639, 266),
	(267, 2639, 267),
	(268, 2639, 268),
	(269, 2639, 269),
	(270, 2639, 270),
	(271, 2639, 271),
	(272, 2639, 272),
	(273, 2639, 273),
	(274, 2639, 274),
	(275, 2639, 275),
	(276, 2639, 276),
	(277, 2639, 277),
	(278, 2639, 278),
	(279, 2639, 279),
	(280, 2639, 280),
	(281, 2639, 281),
	(282, 2639, 282),
	(283, 2639, 283),
	(284, 2639, 284),
	(285, 2639, 285),
	(286, 2639, 286),
	(287, 2639, 287),
	(288, 2639, 288),
	(289, 2639, 289),
	(290, 2639, 290),
	(291, 2639, 291),
	(292, 2639, 292),
	(293, 2639, 293),
	(294, 2639, 294),
	(295, 2639, 295),
	(296, 2639, 296),
	(297, 2639, 297),
	(298, 2639, 298),
	(299, 2639, 299),
	(300, 2639, 300),
	(301, 2639, 301),
	(302, 2639, 302),
	(303, 2639, 303),
	(304, 2639, 304),
	(305, 2639, 305),
	(306, 2639, 306),
	(307, 2639, 307),
	(308, 2639, 308),
	(309, 2639, 309),
	(310, 2639, 310),
	(311, 2639, 311),
	(312, 2639, 312),
	(313, 2639, 313),
	(314, 2639, 314),
	(315, 2639, 315),
	(316, 2639, 316),
	(317, 2639, 317),
	(318, 2639, 318),
	(319, 2639, 319),
	(320, 2639, 320),
	(321, 2639, 321),
	(322, 2639, 322),
	(323, 2639, 323),
	(324, 2639, 324),
	(325, 2639, 325),
	(326, 2639, 326),
	(327, 2639, 327),
	(328, 2639, 328),
	(329, 2639, 329),
	(330, 2639, 330),
	(331, 2639, 331),
	(332, 2639, 332),
	(333, 2639, 333),
	(334, 2639, 334),
	(335, 2639, 335),
	(336, 2639, 336),
	(337, 2639, 337),
	(338, 2639, 338),
	(339, 2639, 339),
	(340, 2639, 340),
	(341, 2639, 341),
	(342, 2639, 342),
	(343, 2639, 343),
	(344, 2639, 344),
	(345, 2639, 345),
	(346, 2639, 346),
	(347, 2639, 347),
	(348, 2639, 348),
	(349, 2639, 349),
	(350, 2639, 350),
	(351, 2639, 351),
	(352, 2639, 352),
	(353, 2639, 353),
	(354, 2639, 354),
	(355, 2639, 355),
	(356, 2639, 356),
	(357, 2639, 357),
	(358, 2639, 358),
	(359, 2639, 359),
	(360, 2639, 360),
	(361, 2639, 361),
	(362, 2639, 362),
	(363, 2639, 363),
	(364, 2639, 364),
	(365, 2639, 365),
	(366, 2639, 366),
	(367, 2639, 367),
	(368, 2639, 368),
	(369, 2639, 369),
	(370, 2639, 370),
	(371, 2639, 371),
	(372, 2639, 372),
	(373, 2639, 373),
	(374, 2639, 374),
	(375, 2639, 375),
	(376, 2639, 376),
	(377, 2639, 377),
	(378, 2639, 378),
	(379, 2639, 379),
	(380, 2639, 380),
	(381, 2639, 381),
	(382, 2639, 382),
	(383, 2639, 383),
	(384, 2639, 384),
	(385, 2639, 385),
	(386, 2639, 386),
	(387, 2639, 387),
	(388, 2639, 388),
	(389, 2639, 389),
	(390, 2639, 390),
	(391, 2639, 391),
	(392, 2639, 392),
	(393, 2639, 393),
	(394, 2639, 394),
	(395, 2639, 395),
	(396, 2639, 396),
	(397, 2639, 397),
	(398, 2639, 398),
	(399, 2639, 399),
	(400, 2639, 400),
	(401, 2639, 401),
	(402, 2639, 402),
	(403, 2639, 403),
	(404, 2639, 404),
	(405, 2639, 405),
	(406, 2639, 406),
	(407, 2639, 407),
	(408, 2639, 408),
	(409, 2639, 409),
	(410, 2639, 410),
	(411, 2639, 411),
	(412, 2639, 412),
	(413, 2639, 413),
	(414, 2639, 414),
	(415, 2639, 415),
	(416, 2639, 416),
	(417, 2639, 417),
	(418, 2639, 418),
	(419, 2639, 419),
	(420, 2639, 420),
	(421, 2639, 421),
	(422, 1404, 422),
	(423, 1404, 423),
	(424, 1574, 424),
	(425, 1570, 425),
	(426, 1450, 426),
	(427, 1450, 427),
	(428, 1570, 428),
	(429, 1450, 429),
	(430, 1404, 430),
	(431, 1404, 431),
	(432, 1404, 432),
	(433, 1404, 433),
	(434, 1404, 434),
	(435, 1350, 435),
	(436, 1234, 436),
	(437, 1234, 437),
	(438, 1234, 438),
	(439, 1234, 439),
	(440, 1240, 440),
	(441, 1234, 441),
	(442, 1234, 442),
	(443, 1234, 443),
	(444, 1234, 444),
	(445, 1234, 445),
	(446, 1240, 446),
	(447, 1234, 447),
	(448, 1240, 448),
	(449, 1240, 449),
	(450, 1234, 450),
	(451, 1234, 451),
	(452, 1234, 452),
	(453, 1234, 453),
	(454, 1230, 454),
	(455, 1240, 455),
	(456, 1234, 456),
	(457, 1234, 457),
	(458, 1234, 458),
	(459, 1240, 459),
	(460, 1234, 460),
	(461, 1234, 461),
	(462, 1240, 462),
	(463, 1234, 463),
	(464, 1234, 464),
	(465, 1240, 465),
	(466, 1234, 466),
	(467, 1240, 467),
	(468, 1234, 468),
	(469, 1240, 469),
	(470, 1234, 470),
	(471, 1234, 471),
	(472, 1234, 472),
	(473, 1234, 473),
	(474, 1234, 474),
	(475, 1234, 475),
	(476, 1240, 476),
	(477, 1240, 477),
	(478, 1234, 478),
	(479, 1234, 479),
	(480, 1234, 480),
	(481, 1234, 481),
	(482, 1234, 482),
	(483, 1240, 483),
	(484, 1234, 484),
	(485, 1240, 485),
	(486, 1234, 486),
	(487, 1234, 487),
	(488, 1234, 488),
	(489, 1234, 489),
	(490, 1234, 490),
	(491, 1240, 491),
	(492, 1230, 492),
	(493, 1234, 493),
	(494, 1234, 494),
	(495, 1230, 495),
	(496, 1234, 496),
	(497, 1234, 497),
	(498, 1234, 498),
	(499, 1234, 499),
	(500, 1234, 500),
	(501, 1234, 501),
	(502, 1234, 502),
	(503, 1234, 503),
	(504, 1234, 504),
	(505, 1234, 505),
	(506, 1230, 506),
	(507, 1234, 507),
	(508, 1230, 508),
	(509, 1234, 509),
	(510, 1230, 510),
	(511, 1234, 511),
	(512, 1234, 512),
	(513, 1234, 513),
	(514, 1234, 514),
	(515, 1230, 515),
	(516, 1230, 516),
	(517, 1230, 517),
	(518, 1234, 518),
	(519, 1234, 519),
	(520, 1234, 520),
	(521, 1234, 521),
	(522, 1230, 522),
	(523, 1230, 523),
	(524, 1230, 524),
	(525, 1230, 525),
	(526, 1234, 526),
	(527, 1234, 527),
	(528, 1240, 528),
	(529, 1234, 529),
	(530, 1234, 530),
	(531, 1234, 531),
	(532, 1234, 532),
	(533, 1230, 533),
	(534, 1234, 534),
	(535, 1234, 535),
	(536, 1234, 536),
	(537, 1230, 537),
	(538, 1230, 538),
	(539, 1234, 539),
	(540, 1234, 540),
	(541, 1234, 541),
	(542, 1234, 542),
	(543, 1230, 543),
	(544, 1234, 544),
	(545, 1234, 545),
	(546, 1230, 546),
	(547, 1234, 547),
	(548, 1230, 548),
	(549, 1234, 549),
	(550, 1230, 550),
	(551, 1234, 551),
	(552, 1230, 552),
	(553, 1234, 553),
	(554, 1234, 554),
	(555, 1234, 555),
	(556, 1234, 556),
	(557, 1234, 557),
	(558, 1234, 558),
	(559, 1234, 559),
	(560, 1234, 560),
	(561, 1230, 561),
	(562, 1234, 562),
	(563, 1230, 563),
	(564, 1234, 564),
	(565, 1234, 565),
	(566, 1240, 566),
	(567, 1234, 567),
	(568, 1234, 568),
	(569, 1234, 569),
	(570, 1234, 570),
	(571, 1230, 571),
	(572, 1234, 572),
	(573, 1234, 573),
	(574, 1234, 574),
	(575, 1234, 575),
	(576, 1234, 576),
	(577, 1234, 577),
	(578, 1230, 578),
	(579, 1234, 579),
	(580, 1234, 580),
	(581, 1234, 581),
	(582, 1234, 582),
	(583, 1234, 583),
	(584, 1230, 584),
	(585, 1234, 585),
	(586, 1234, 586),
	(587, 1234, 587),
	(588, 1234, 588),
	(589, 1234, 589),
	(590, 1234, 590),
	(591, 1234, 591),
	(592, 1234, 592),
	(593, 1234, 593),
	(594, 1230, 594),
	(595, 1234, 595),
	(596, 1230, 596),
	(597, 1234, 597),
	(598, 1234, 598),
	(599, 1234, 599),
	(600, 1234, 600),
	(601, 1236, 601),
	(602, 1234, 602),
	(603, 1234, 603),
	(604, 1234, 604),
	(605, 1234, 605),
	(606, 1240, 606),
	(607, 1230, 607),
	(608, 1234, 608),
	(609, 1234, 609),
	(610, 1234, 610),
	(611, 1234, 611),
	(612, 1234, 612),
	(613, 1230, 613),
	(614, 1230, 614),
	(615, 1234, 615),
	(616, 1230, 616),
	(617, 1234, 617),
	(618, 1234, 618),
	(619, 1234, 619),
	(620, 1234, 620),
	(621, 1234, 621),
	(622, 1230, 622),
	(623, 1234, 623),
	(624, 1234, 624),
	(625, 1234, 625),
	(626, 1234, 626),
	(627, 1234, 627),
	(628, 1234, 628),
	(629, 1234, 629),
	(630, 1234, 630),
	(631, 1234, 631),
	(632, 1234, 632),
	(633, 1234, 633),
	(634, 1234, 634),
	(635, 1234, 635),
	(636, 1234, 636),
	(637, 1234, 637),
	(638, 1234, 638),
	(639, 1234, 639),
	(640, 1230, 640),
	(641, 1234, 641),
	(642, 1234, 642),
	(643, 1234, 643),
	(644, 1234, 644),
	(645, 1234, 645),
	(646, 1230, 646),
	(647, 1234, 647),
	(648, 1230, 648),
	(649, 1234, 649),
	(650, 1234, 650),
	(651, 1234, 651),
	(652, 1234, 652),
	(653, 1234, 653),
	(654, 1234, 654),
	(655, 1234, 655),
	(656, 1234, 656),
	(657, 1230, 657),
	(658, 1234, 658),
	(659, 1234, 659),
	(660, 1234, 660),
	(661, 1234, 661),
	(662, 1234, 662),
	(663, 1234, 663),
	(664, 1234, 664),
	(665, 1234, 665),
	(666, 1234, 666),
	(667, 1234, 667),
	(668, 1234, 668),
	(669, 1230, 669),
	(670, 1234, 670),
	(671, 1234, 671),
	(672, 1234, 672),
	(673, 1234, 673),
	(674, 1234, 674),
	(675, 1234, 675),
	(676, 1234, 676),
	(677, 1234, 677),
	(678, 1352, 678),
	(679, 1352, 679),
	(680, 1352, 680),
	(681, 1350, 681),
	(682, 1350, 682),
	(683, 1350, 683),
	(684, 1352, 684),
	(685, 1350, 685),
	(686, 1352, 686),
	(687, 1352, 687),
	(688, 1352, 688),
	(689, 1352, 689),
	(690, 1352, 690),
	(691, 1352, 691),
	(692, 1352, 692),
	(693, 1352, 693),
	(694, 1352, 694),
	(695, 1352, 695),
	(696, 1352, 696),
	(697, 1352, 697),
	(698, 1352, 698),
	(699, 1352, 699),
	(700, 2170, 700),
	(701, 2170, 701),
	(702, 2170, 702),
	(703, 2170, 703),
	(704, 2170, 704),
	(705, 2170, 705),
	(706, 2170, 706),
	(707, 2170, 707),
	(708, 2170, 708),
	(709, 2164, 709),
	(710, 2164, 710),
	(711, 2164, 711),
	(712, 2164, 712),
	(713, 2170, 713),
	(714, 2170, 714),
	(715, 2170, 715),
	(716, 2164, 716),
	(717, 2164, 717),
	(718, 2164, 718),
	(719, 2164, 719),
	(720, 2164, 720),
	(721, 2164, 721),
	(722, 1279, 722),
	(723, 1440, 723),
	(724, 1644, 724),
	(725, 1650, 725),
	(726, 1650, 726),
	(727, 1650, 727),
	(728, 1650, 728),
	(729, 1650, 729),
	(730, 1650, 730),
	(731, 1650, 731),
	(732, 1650, 732),
	(733, 1650, 733),
	(734, 1650, 734),
	(735, 1650, 735),
	(736, 1650, 736),
	(737, 1650, 737),
	(738, 1650, 738),
	(739, 1650, 739),
	(740, 1650, 740),
	(741, 1440, 741),
	(742, 1440, 742),
	(743, 1500, 743),
	(744, 1500, 744),
	(745, 1500, 745),
	(746, 1264, 746),
	(747, 1280, 747),
	(748, 1324, 748),
	(749, 1324, 749),
	(750, 1280, 750),
	(751, 1280, 751),
	(752, 1280, 752),
	(753, 1324, 753),
	(754, 1264, 754),
	(755, 1264, 755),
	(756, 1264, 756),
	(757, 1264, 757),
	(758, 1224, 758),
	(759, 1264, 759),
	(760, 1270, 760),
	(761, 1324, 761),
	(762, 1324, 762),
	(763, 1324, 763),
	(764, 1324, 764),
	(765, 1324, 765),
	(766, 1324, 766),
	(767, 1644, 767),
	(768, 1644, 768),
	(769, 1644, 769),
	(770, 1644, 770),
	(771, 1644, 771),
	(772, 1644, 772),
	(773, 1790, 773),
	(774, 1790, 774),
	(775, 1644, 775),
	(776, 1644, 776),
	(777, 1644, 777),
	(778, 1644, 778),
	(779, 1440, 779),
	(780, 1440, 780),
	(781, 1440, 781),
	(782, 1650, 782),
	(783, 1264, 783),
	(784, 1264, 784),
	(785, 1264, 785),
	(786, 1264, 786),
	(787, 1264, 787),
	(788, 1260, 788),
	(789, 1260, 789),
	(790, 1440, 790),
	(791, 1440, 791),
	(792, 1440, 792),
	(793, 1440, 793),
	(794, 1440, 794),
	(795, 1440, 795),
	(796, 1440, 796),
	(797, 1440, 797),
	(798, 1539, 798),
	(799, 1539, 799),
	(800, 1539, 800),
	(801, 1539, 801),
	(802, 1536, 802),
	(803, 1264, 803),
	(804, 1264, 804),
	(805, 1264, 805),
	(806, 1260, 806),
	(807, 1264, 807),
	(808, 1260, 808),
	(809, 1260, 809),
	(810, 1279, 810),
	(811, 1264, 811),
	(812, 1264, 812),
	(813, 1714, 813),
	(814, 1714, 814),
	(815, 1714, 815),
	(816, 1714, 816),
	(817, 1714, 817),
	(818, 1714, 818),
	(819, 1714, 819),
	(820, 1714, 820),
	(821, 1714, 821),
	(822, 1714, 822),
	(823, 1624, 823),
	(824, 1620, 824),
	(825, 1624, 825),
	(826, 1624, 826),
	(827, 1624, 827),
	(828, 1624, 828),
	(829, 1624, 829),
	(830, 1624, 830),
	(831, 1624, 831),
	(832, 1620, 832),
	(833, 1624, 833),
	(834, 1624, 834),
	(835, 1620, 835),
	(836, 1620, 836),
	(837, 2700, 837),
	(838, 2640, 838),
	(839, 2640, 839),
	(840, 2640, 840),
	(841, 1404, 841),
	(842, 1404, 842),
	(843, 1400, 843),
	(844, 1404, 844),
	(845, 1386, 845),
	(846, 1386, 846),
	(847, 1279, 847),
	(848, 1254, 848),
	(849, 1445, 849),
	(850, 1445, 850),
	(851, 1445, 851),
	(852, 1445, 852),
	(853, 1445, 853),
	(854, 1445, 854),
	(855, 1445, 855),
	(856, 1445, 856),
	(857, 1445, 857),
	(858, 1445, 858),
	(859, 1445, 859),
	(860, 1445, 860),
	(861, 1445, 861),
	(862, 1445, 862),
	(863, 1445, 863),
	(864, 1445, 864),
	(865, 1445, 865),
	(866, 1445, 866),
	(867, 1445, 867),
	(868, 1445, 868),
	(869, 1445, 869),
	(870, 1445, 870),
	(871, 1445, 871),
	(872, 1440, 872),
	(873, 1445, 873),
	(874, 1445, 874),
	(875, 1445, 875),
	(876, 1445, 876),
	(877, 1445, 877),
	(878, 1445, 878),
	(879, 1274, 879),
	(880, 2004, 880),
	(881, 1350, 881),
	(882, 1350, 882),
	(883, 1352, 883),
	(884, 1350, 884),
	(885, 1350, 885),
	(886, 1350, 886),
	(887, 1270, 887),
	(888, 1279, 888),
	(889, 1279, 889),
	(890, 1279, 890),
	(891, 1445, 891),
	(892, 1445, 892),
	(893, 1445, 893),
	(894, 1254, 894);
/*!40000 ALTER TABLE `rozmery` ENABLE KEYS */;

-- Dumping structure for table enisapp.rucni_brzda
CREATE TABLE IF NOT EXISTS `rucni_brzda` (
  `id` bigint(20) NOT NULL AUTO_INCREMENT,
  `brzdici_hmotnost_rucni_brzdy` bigint(20) NOT NULL,
  `druh_rucni_brzdy` bigint(20) NOT NULL,
  PRIMARY KEY (`id`)
) ENGINE=InnoDB AUTO_INCREMENT=895 DEFAULT CHARSET=latin1;

-- Dumping data for table enisapp.rucni_brzda: ~1,073 rows (approximately)
/*!40000 ALTER TABLE `rucni_brzda` DISABLE KEYS */;
REPLACE INTO `rucni_brzda` (`id`, `brzdici_hmotnost_rucni_brzdy`, `druh_rucni_brzdy`) VALUES
	(1, 21, 2),
	(2, 25, 1),
	(3, 25, 1),
	(4, 25, 1),
	(5, 0, 0),
	(6, 17, 2),
	(7, 17, 1),
	(8, 0, 0),
	(9, 19, 2),
	(10, 19, 2),
	(11, 19, 2),
	(12, 15, 2),
	(13, 15, 2),
	(14, 15, 2),
	(15, 30, 2),
	(16, 30, 2),
	(17, 30, 2),
	(18, 15, 2),
	(19, 15, 2),
	(20, 15, 2),
	(21, 30, 2),
	(22, 15, 2),
	(23, 0, 0),
	(24, 15, 2),
	(25, 30, 2),
	(26, 30, 2),
	(27, 0, 0),
	(28, 0, 0),
	(29, 0, 0),
	(30, 20, 2),
	(31, 20, 2),
	(32, 24, 1),
	(33, 24, 1),
	(34, 24, 1),
	(35, 21, 1),
	(36, 21, 1),
	(37, 21, 1),
	(38, 21, 1),
	(39, 21, 1),
	(40, 21, 1),
	(41, 21, 1),
	(42, 21, 1),
	(43, 21, 1),
	(44, 21, 1),
	(45, 21, 1),
	(46, 21, 1),
	(47, 21, 1),
	(48, 21, 1),
	(49, 21, 1),
	(50, 0, 0),
	(51, 0, 0),
	(52, 0, 0),
	(53, 0, 0),
	(54, 0, 0),
	(55, 0, 0),
	(56, 0, 0),
	(57, 0, 0),
	(58, 0, 0),
	(59, 0, 0),
	(60, 0, 0),
	(61, 0, 0),
	(62, 0, 0),
	(63, 0, 0),
	(64, 0, 0),
	(65, 0, 0),
	(66, 0, 0),
	(67, 0, 0),
	(68, 0, 0),
	(69, 0, 0),
	(70, 0, 0),
	(71, 0, 0),
	(72, 0, 0),
	(73, 0, 0),
	(74, 0, 0),
	(75, 0, 0),
	(76, 0, 0),
	(77, 0, 0),
	(78, 0, 0),
	(79, 0, 0),
	(80, 0, 0),
	(81, 0, 0),
	(82, 0, 0),
	(83, 0, 0),
	(84, 0, 0),
	(85, 0, 0),
	(86, 0, 0),
	(87, 0, 0),
	(88, 0, 0),
	(89, 0, 0),
	(90, 0, 0),
	(91, 0, 0),
	(92, 0, 0),
	(93, 0, 0),
	(94, 0, 0),
	(95, 20, 1),
	(96, 20, 1),
	(97, 20, 1),
	(98, 20, 1),
	(99, 0, 1),
	(100, 20, 1),
	(101, 0, 1),
	(102, 0, 1),
	(103, 0, 1),
	(104, 0, 1),
	(105, 0, 1),
	(106, 20, 1),
	(107, 0, 0),
	(108, 0, 0),
	(109, 0, 0),
	(110, 0, 0),
	(111, 0, 0),
	(112, 0, 0),
	(113, 20, 1),
	(114, 20, 1),
	(115, 20, 1),
	(116, 20, 1),
	(117, 20, 1),
	(118, 20, 1),
	(119, 20, 1),
	(120, 20, 1),
	(121, 0, 0),
	(122, 0, 0),
	(123, 0, 0),
	(124, 0, 0),
	(125, 0, 0),
	(126, 0, 0),
	(127, 0, 0),
	(128, 0, 0),
	(129, 0, 0),
	(130, 0, 0),
	(131, 0, 0),
	(132, 0, 0),
	(133, 0, 0),
	(134, 0, 0),
	(135, 0, 0),
	(136, 0, 0),
	(137, 0, 0),
	(138, 0, 0),
	(139, 0, 0),
	(140, 0, 0),
	(141, 0, 0),
	(142, 0, 0),
	(143, 0, 0),
	(144, 20, 1),
	(145, 0, 0),
	(146, 0, 0),
	(147, 0, 0),
	(148, 20, 1),
	(149, 20, 1),
	(150, 20, 1),
	(151, 20, 1),
	(152, 20, 1),
	(153, 20, 1),
	(154, 20, 1),
	(155, 0, 0),
	(156, 0, 0),
	(157, 0, 0),
	(158, 0, 0),
	(159, 0, 0),
	(160, 0, 0),
	(161, 0, 0),
	(162, 0, 0),
	(163, 0, 0),
	(164, 0, 0),
	(165, 0, 0),
	(166, 0, 0),
	(167, 0, 0),
	(168, 0, 0),
	(169, 0, 0),
	(170, 0, 0),
	(171, 0, 0),
	(172, 0, 0),
	(173, 0, 0),
	(174, 0, 0),
	(175, 0, 0),
	(176, 0, 0),
	(177, 0, 0),
	(178, 0, 0),
	(179, 0, 0),
	(180, 0, 0),
	(181, 0, 0),
	(182, 0, 0),
	(183, 0, 0),
	(184, 0, 0),
	(185, 0, 0),
	(186, 0, 0),
	(187, 0, 0),
	(188, 0, 0),
	(189, 0, 0),
	(190, 0, 0),
	(191, 0, 0),
	(192, 0, 0),
	(193, 0, 0),
	(194, 0, 0),
	(195, 0, 0),
	(196, 20, 1),
	(197, 20, 1),
	(198, 20, 1),
	(199, 20, 1),
	(200, 20, 1),
	(201, 20, 1),
	(202, 20, 1),
	(203, 20, 1),
	(204, 20, 1),
	(205, 20, 1),
	(206, 20, 1),
	(207, 20, 1),
	(208, 20, 1),
	(209, 20, 1),
	(210, 0, 0),
	(211, 0, 0),
	(212, 0, 0),
	(213, 0, 0),
	(214, 0, 0),
	(215, 0, 0),
	(216, 0, 0),
	(217, 0, 0),
	(218, 0, 0),
	(219, 0, 0),
	(220, 0, 0),
	(221, 0, 0),
	(222, 0, 0),
	(223, 0, 0),
	(224, 0, 0),
	(225, 0, 0),
	(226, 20, 1),
	(227, 20, 1),
	(228, 20, 1),
	(229, 0, 0),
	(230, 0, 0),
	(231, 0, 0),
	(232, 0, 0),
	(233, 0, 0),
	(234, 0, 0),
	(235, 0, 0),
	(236, 0, 0),
	(237, 0, 0),
	(238, 0, 0),
	(239, 0, 0),
	(240, 0, 0),
	(241, 0, 0),
	(242, 0, 0),
	(243, 0, 0),
	(244, 0, 0),
	(245, 0, 0),
	(246, 0, 0),
	(247, 0, 0),
	(248, 0, 0),
	(249, 0, 0),
	(250, 0, 0),
	(251, 0, 0),
	(252, 0, 0),
	(253, 0, 0),
	(254, 20, 1),
	(255, 20, 1),
	(256, 20, 1),
	(257, 20, 1),
	(258, 20, 1),
	(259, 20, 1),
	(260, 0, 0),
	(261, 0, 0),
	(262, 0, 0),
	(263, 0, 0),
	(264, 0, 0),
	(265, 0, 0),
	(266, 0, 0),
	(267, 0, 0),
	(268, 0, 0),
	(269, 0, 0),
	(270, 0, 0),
	(271, 0, 0),
	(272, 0, 0),
	(273, 0, 0),
	(274, 0, 0),
	(275, 0, 0),
	(276, 0, 0),
	(277, 0, 0),
	(278, 0, 0),
	(279, 0, 0),
	(280, 0, 0),
	(281, 0, 0),
	(282, 0, 0),
	(283, 0, 0),
	(284, 0, 0),
	(285, 0, 0),
	(286, 0, 0),
	(287, 20, 1),
	(288, 20, 1),
	(289, 20, 1),
	(290, 20, 1),
	(291, 20, 1),
	(292, 20, 1),
	(293, 20, 1),
	(294, 20, 1),
	(295, 20, 1),
	(296, 20, 1),
	(297, 0, 0),
	(298, 20, 1),
	(299, 0, 0),
	(300, 0, 0),
	(301, 0, 0),
	(302, 0, 0),
	(303, 0, 0),
	(304, 0, 0),
	(305, 0, 0),
	(306, 0, 0),
	(307, 0, 0),
	(308, 0, 0),
	(309, 0, 0),
	(310, 0, 0),
	(311, 0, 0),
	(312, 0, 0),
	(313, 0, 0),
	(314, 0, 0),
	(315, 0, 0),
	(316, 0, 0),
	(317, 0, 0),
	(318, 0, 0),
	(319, 0, 0),
	(320, 0, 0),
	(321, 0, 0),
	(322, 0, 0),
	(323, 0, 0),
	(324, 0, 0),
	(325, 0, 0),
	(326, 0, 0),
	(327, 0, 0),
	(328, 0, 0),
	(329, 0, 0),
	(330, 0, 0),
	(331, 0, 0),
	(332, 0, 0),
	(333, 0, 0),
	(334, 0, 0),
	(335, 0, 0),
	(336, 0, 0),
	(337, 0, 0),
	(338, 20, 1),
	(339, 20, 1),
	(340, 20, 1),
	(341, 20, 1),
	(342, 20, 1),
	(343, 20, 1),
	(344, 0, 0),
	(345, 0, 0),
	(346, 0, 0),
	(347, 0, 0),
	(348, 0, 0),
	(349, 0, 0),
	(350, 0, 0),
	(351, 0, 0),
	(352, 0, 0),
	(353, 0, 0),
	(354, 0, 0),
	(355, 0, 0),
	(356, 0, 0),
	(357, 0, 0),
	(358, 0, 0),
	(359, 0, 0),
	(360, 20, 1),
	(361, 20, 1),
	(362, 20, 1),
	(363, 0, 0),
	(364, 0, 0),
	(365, 0, 0),
	(366, 0, 0),
	(367, 0, 0),
	(368, 0, 0),
	(369, 0, 0),
	(370, 0, 0),
	(371, 0, 0),
	(372, 0, 0),
	(373, 0, 0),
	(374, 20, 1),
	(375, 20, 1),
	(376, 0, 0),
	(377, 0, 0),
	(378, 20, 1),
	(379, 0, 0),
	(380, 0, 0),
	(381, 0, 0),
	(382, 0, 0),
	(383, 0, 0),
	(384, 0, 0),
	(385, 20, 1),
	(386, 0, 0),
	(387, 0, 0),
	(388, 0, 0),
	(389, 0, 0),
	(390, 0, 0),
	(391, 0, 0),
	(392, 0, 0),
	(393, 0, 0),
	(394, 0, 0),
	(395, 0, 0),
	(396, 0, 0),
	(397, 0, 0),
	(398, 20, 1),
	(399, 20, 1),
	(400, 20, 1),
	(401, 0, 0),
	(402, 0, 0),
	(403, 20, 1),
	(404, 20, 1),
	(405, 20, 1),
	(406, 20, 1),
	(407, 20, 1),
	(408, 0, 0),
	(409, 0, 0),
	(410, 0, 0),
	(411, 0, 0),
	(412, 0, 0),
	(413, 0, 0),
	(414, 0, 0),
	(415, 0, 0),
	(416, 0, 0),
	(417, 0, 0),
	(418, 0, 0),
	(419, 0, 0),
	(420, 0, 0),
	(421, 0, 0),
	(422, 20, 1),
	(423, 20, 1),
	(424, 0, 0),
	(425, 0, 0),
	(426, 0, 0),
	(427, 0, 0),
	(428, 0, 0),
	(429, 0, 0),
	(430, 0, 1),
	(431, 0, 1),
	(432, 0, 1),
	(433, 23, 1),
	(434, 23, 1),
	(435, 24, 2),
	(436, 21, 2),
	(437, 21, 2),
	(438, 21, 0),
	(439, 21, 2),
	(440, 21, 2),
	(441, 21, 2),
	(442, 21, 2),
	(443, 21, 0),
	(444, 21, 0),
	(445, 21, 2),
	(446, 21, 2),
	(447, 21, 2),
	(448, 21, 2),
	(449, 0, 0),
	(450, 21, 2),
	(451, 21, 2),
	(452, 21, 2),
	(453, 21, 2),
	(454, 21, 2),
	(455, 21, 2),
	(456, 21, 2),
	(457, 21, 1),
	(458, 21, 2),
	(459, 21, 2),
	(460, 21, 2),
	(461, 0, 2),
	(462, 21, 2),
	(463, 21, 2),
	(464, 21, 2),
	(465, 21, 2),
	(466, 21, 2),
	(467, 21, 2),
	(468, 21, 2),
	(469, 21, 2),
	(470, 21, 2),
	(471, 21, 2),
	(472, 21, 2),
	(473, 21, 2),
	(474, 21, 2),
	(475, 21, 2),
	(476, 21, 2),
	(477, 21, 0),
	(478, 21, 0),
	(479, 21, 2),
	(480, 21, 2),
	(481, 0, 0),
	(482, 21, 2),
	(483, 21, 0),
	(484, 0, 0),
	(485, 0, 0),
	(486, 21, 0),
	(487, 21, 1),
	(488, 21, 2),
	(489, 21, 2),
	(490, 21, 2),
	(491, 21, 2),
	(492, 21, 2),
	(493, 21, 2),
	(494, 21, 2),
	(495, 21, 2),
	(496, 21, 2),
	(497, 21, 2),
	(498, 21, 2),
	(499, 21, 2),
	(500, 21, 2),
	(501, 21, 2),
	(502, 21, 2),
	(503, 21, 2),
	(504, 21, 2),
	(505, 21, 2),
	(506, 21, 2),
	(507, 21, 1),
	(508, 21, 2),
	(509, 21, 1),
	(510, 21, 2),
	(511, 21, 2),
	(512, 21, 2),
	(513, 21, 2),
	(514, 21, 2),
	(515, 21, 2),
	(516, 21, 1),
	(517, 21, 2),
	(518, 21, 1),
	(519, 21, 2),
	(520, 21, 2),
	(521, 21, 2),
	(522, 21, 2),
	(523, 24, 2),
	(524, 21, 2),
	(525, 21, 2),
	(526, 0, 0),
	(527, 24, 2),
	(528, 24, 2),
	(529, 21, 2),
	(530, 21, 2),
	(531, 21, 2),
	(532, 21, 2),
	(533, 24, 2),
	(534, 21, 2),
	(535, 24, 2),
	(536, 21, 1),
	(537, 24, 2),
	(538, 21, 2),
	(539, 21, 2),
	(540, 21, 1),
	(541, 21, 2),
	(542, 21, 2),
	(543, 21, 2),
	(544, 21, 2),
	(545, 21, 2),
	(546, 21, 2),
	(547, 21, 1),
	(548, 21, 2),
	(549, 20, 2),
	(550, 21, 2),
	(551, 21, 1),
	(552, 21, 2),
	(553, 21, 2),
	(554, 21, 2),
	(555, 21, 2),
	(556, 21, 2),
	(557, 21, 2),
	(558, 21, 2),
	(559, 21, 2),
	(560, 24, 2),
	(561, 21, 2),
	(562, 21, 2),
	(563, 21, 2),
	(564, 21, 1),
	(565, 21, 2),
	(566, 21, 2),
	(567, 21, 2),
	(568, 21, 1),
	(569, 21, 2),
	(570, 21, 1),
	(571, 15, 1),
	(572, 21, 2),
	(573, 21, 2),
	(574, 21, 2),
	(575, 21, 2),
	(576, 21, 1),
	(577, 21, 1),
	(578, 21, 2),
	(579, 21, 2),
	(580, 21, 2),
	(581, 21, 2),
	(582, 21, 2),
	(583, 21, 2),
	(584, 21, 1),
	(585, 21, 2),
	(586, 21, 2),
	(587, 21, 2),
	(588, 21, 2),
	(589, 24, 2),
	(590, 21, 2),
	(591, 21, 2),
	(592, 21, 2),
	(593, 21, 2),
	(594, 21, 2),
	(595, 21, 2),
	(596, 21, 2),
	(597, 21, 2),
	(598, 21, 2),
	(599, 21, 2),
	(600, 21, 2),
	(601, 21, 2),
	(602, 21, 2),
	(603, 21, 2),
	(604, 21, 2),
	(605, 24, 2),
	(606, 21, 2),
	(607, 21, 2),
	(608, 21, 2),
	(609, 24, 2),
	(610, 21, 2),
	(611, 21, 1),
	(612, 21, 2),
	(613, 21, 2),
	(614, 21, 2),
	(615, 21, 2),
	(616, 21, 2),
	(617, 21, 2),
	(618, 21, 2),
	(619, 21, 2),
	(620, 21, 1),
	(621, 21, 2),
	(622, 0, 0),
	(623, 21, 2),
	(624, 21, 2),
	(625, 21, 2),
	(626, 21, 2),
	(627, 21, 2),
	(628, 21, 2),
	(629, 21, 2),
	(630, 21, 2),
	(631, 21, 2),
	(632, 21, 1),
	(633, 21, 2),
	(634, 21, 2),
	(635, 21, 2),
	(636, 24, 2),
	(637, 21, 2),
	(638, 21, 2),
	(639, 21, 2),
	(640, 21, 2),
	(641, 21, 2),
	(642, 21, 2),
	(643, 21, 2),
	(644, 21, 2),
	(645, 21, 1),
	(646, 21, 2),
	(647, 21, 2),
	(648, 0, 0),
	(649, 21, 2),
	(650, 21, 2),
	(651, 21, 2),
	(652, 21, 2),
	(653, 21, 2),
	(654, 21, 2),
	(655, 21, 2),
	(656, 21, 2),
	(657, 21, 2),
	(658, 21, 2),
	(659, 21, 2),
	(660, 21, 2),
	(661, 24, 2),
	(662, 21, 2),
	(663, 21, 2),
	(664, 21, 2),
	(665, 21, 2),
	(666, 21, 2),
	(667, 21, 2),
	(668, 21, 2),
	(669, 21, 2),
	(670, 0, 0),
	(671, 24, 2),
	(672, 21, 2),
	(673, 21, 2),
	(674, 21, 2),
	(675, 21, 2),
	(676, 21, 2),
	(677, 21, 2),
	(678, 20, 1),
	(679, 20, 2),
	(680, 20, 2),
	(681, 20, 2),
	(682, 20, 2),
	(683, 20, 2),
	(684, 0, 0),
	(685, 20, 2),
	(686, 20, 1),
	(687, 20, 2),
	(688, 20, 2),
	(689, 20, 2),
	(690, 20, 2),
	(691, 20, 2),
	(692, 20, 2),
	(693, 20, 2),
	(694, 20, 2),
	(695, 20, 2),
	(696, 20, 2),
	(697, 20, 2),
	(698, 20, 2),
	(699, 20, 2),
	(700, 20, 2),
	(701, 20, 2),
	(702, 20, 2),
	(703, 20, 2),
	(704, 20, 2),
	(705, 20, 2),
	(706, 20, 2),
	(707, 20, 2),
	(708, 20, 2),
	(709, 20, 2),
	(710, 20, 2),
	(711, 20, 2),
	(712, 20, 2),
	(713, 20, 2),
	(714, 20, 2),
	(715, 20, 2),
	(716, 20, 1),
	(717, 20, 1),
	(718, 20, 1),
	(719, 20, 1),
	(720, 20, 2),
	(721, 0, 0),
	(722, 29, 2),
	(723, 20, 2),
	(724, 22, 2),
	(725, 20, 2),
	(726, 20, 2),
	(727, 20, 2),
	(728, 20, 2),
	(729, 20, 2),
	(730, 20, 2),
	(731, 20, 2),
	(732, 20, 2),
	(733, 20, 2),
	(734, 20, 2),
	(735, 20, 2),
	(736, 20, 2),
	(737, 20, 2),
	(738, 20, 2),
	(739, 20, 2),
	(740, 20, 2),
	(741, 20, 2),
	(742, 20, 2),
	(743, 0, 2),
	(744, 0, 2),
	(745, 0, 2),
	(746, 29, 2),
	(747, 23, 2),
	(748, 23, 2),
	(749, 22, 2),
	(750, 22, 2),
	(751, 22, 2),
	(752, 20, 2),
	(753, 22, 2),
	(754, 24, 2),
	(755, 24, 2),
	(756, 0, 0),
	(757, 0, 0),
	(758, 24, 2),
	(759, 0, 2),
	(760, 0, 0),
	(761, 35, 2),
	(762, 22, 2),
	(763, 22, 2),
	(764, 0, 2),
	(765, 23, 2),
	(766, 23, 2),
	(767, 24, 2),
	(768, 24, 2),
	(769, 24, 2),
	(770, 24, 2),
	(771, 24, 2),
	(772, 24, 2),
	(773, 29, 2),
	(774, 29, 2),
	(775, 24, 2),
	(776, 24, 2),
	(777, 24, 2),
	(778, 24, 2),
	(779, 20, 2),
	(780, 20, 2),
	(781, 20, 2),
	(782, 20, 1),
	(783, 0, 2),
	(784, 0, 2),
	(785, 0, 0),
	(786, 0, 0),
	(787, 20, 2),
	(788, 24, 2),
	(789, 24, 2),
	(790, 20, 1),
	(791, 22, 2),
	(792, 22, 2),
	(793, 29, 1),
	(794, 20, 1),
	(795, 22, 1),
	(796, 22, 2),
	(797, 22, 2),
	(798, 20, 2),
	(799, 20, 2),
	(800, 20, 2),
	(801, 20, 2),
	(802, 20, 2),
	(803, 29, 2),
	(804, 24, 2),
	(805, 24, 1),
	(806, 24, 1),
	(807, 24, 2),
	(808, 24, 2),
	(809, 24, 2),
	(810, 24, 2),
	(811, 24, 2),
	(812, 24, 2),
	(813, 21, 2),
	(814, 21, 2),
	(815, 21, 2),
	(816, 21, 2),
	(817, 21, 2),
	(818, 21, 2),
	(819, 21, 2),
	(820, 21, 2),
	(821, 21, 2),
	(822, 21, 2),
	(823, 0, 0),
	(824, 0, 0),
	(825, 0, 0),
	(826, 0, 0),
	(827, 0, 0),
	(828, 0, 0),
	(829, 0, 0),
	(830, 0, 0),
	(831, 0, 0),
	(832, 0, 0),
	(833, 0, 0),
	(834, 0, 0),
	(835, 0, 0),
	(836, 23, 1),
	(837, 36, 1),
	(838, 12, 2),
	(839, 12, 2),
	(840, 22, 2),
	(841, 24, 1),
	(842, 24, 1),
	(843, 24, 1),
	(844, 24, 1),
	(845, 25, 1),
	(846, 25, 1),
	(847, 29, 2),
	(848, 17, 2),
	(849, 29, 2),
	(850, 21, 2),
	(851, 29, 1),
	(852, 29, 2),
	(853, 29, 2),
	(854, 29, 2),
	(855, 24, 2),
	(856, 29, 2),
	(857, 23, 2),
	(858, 29, 2),
	(859, 29, 2),
	(860, 0, 0),
	(861, 29, 2),
	(862, 29, 2),
	(863, 0, 0),
	(864, 0, 0),
	(865, 0, 0),
	(866, 0, 0),
	(867, 0, 0),
	(868, 0, 0),
	(869, 29, 2),
	(870, 29, 2),
	(871, 29, 2),
	(872, 29, 2),
	(873, 29, 2),
	(874, 29, 2),
	(875, 29, 2),
	(876, 29, 2),
	(877, 29, 2),
	(878, 25, 1),
	(879, 26, 2),
	(880, 29, 1),
	(881, 29, 2),
	(882, 0, 0),
	(883, 29, 2),
	(884, 29, 2),
	(885, 29, 2),
	(886, 29, 1),
	(887, 26, 2),
	(888, 0, 0),
	(889, 0, 0),
	(890, 29, 2),
	(891, 29, 1),
	(892, 29, 1),
	(893, 29, 2),
	(894, 29, 0);
/*!40000 ALTER TABLE `rucni_brzda` ENABLE KEYS */;

-- Dumping structure for table enisapp.schema_version
CREATE TABLE IF NOT EXISTS `schema_version` (
  `version_rank` int(11) NOT NULL,
  `installed_rank` int(11) NOT NULL,
  `version` varchar(50) NOT NULL,
  `description` varchar(200) NOT NULL,
  `type` varchar(20) NOT NULL,
  `script` varchar(1000) NOT NULL,
  `checksum` int(11) DEFAULT NULL,
  `installed_by` varchar(100) NOT NULL,
  `installed_on` timestamp NOT NULL DEFAULT CURRENT_TIMESTAMP,
  `execution_time` int(11) NOT NULL,
  `success` tinyint(1) NOT NULL,
  PRIMARY KEY (`version`),
  KEY `schema_version_vr_idx` (`version_rank`),
  KEY `schema_version_ir_idx` (`installed_rank`),
  KEY `schema_version_s_idx` (`success`)
) ENGINE=InnoDB DEFAULT CHARSET=latin1;

-- Dumping data for table enisapp.schema_version: ~1 rows (approximately)
/*!40000 ALTER TABLE `schema_version` DISABLE KEYS */;
REPLACE INTO `schema_version` (`version_rank`, `installed_rank`, `version`, `description`, `type`, `script`, `checksum`, `installed_by`, `installed_on`, `execution_time`, `success`) VALUES
	(1, 1, '1.1', 'Add Colleague Flag', 'SQL', 'V1_1__Add_Colleague_Flag.sql', 0, 'enisapp', '2017-11-12 20:08:29', 201, 1);
/*!40000 ALTER TABLE `schema_version` ENABLE KEYS */;

-- Dumping structure for table enisapp.stav_km
CREATE TABLE IF NOT EXISTS `stav_km` (
  `id` bigint(20) NOT NULL AUTO_INCREMENT,
  `najet_km` bigint(20) NOT NULL,
  `zbyvajici_km` bigint(20) NOT NULL,
  PRIMARY KEY (`id`)
) ENGINE=InnoDB AUTO_INCREMENT=895 DEFAULT CHARSET=latin1;

-- Dumping data for table enisapp.stav_km: ~940 rows (approximately)
/*!40000 ALTER TABLE `stav_km` DISABLE KEYS */;
REPLACE INTO `stav_km` (`id`, `najet_km`, `zbyvajici_km`) VALUES
	(1, 0, 0),
	(2, 0, 0),
	(3, 0, 0),
	(4, 0, 0),
	(5, 0, 0),
	(6, 0, 0),
	(7, 0, 0),
	(8, 0, 0),
	(9, 0, 0),
	(10, 0, 0),
	(11, 0, 0),
	(12, 0, 0),
	(13, 0, 0),
	(14, 0, 0),
	(15, 0, 0),
	(16, 0, 0),
	(17, 0, 0),
	(18, 0, 0),
	(19, 0, 0),
	(20, 0, 0),
	(21, 0, 0),
	(22, 0, 0),
	(23, 0, 0),
	(24, 0, 0),
	(25, 0, 0),
	(26, 0, 0),
	(27, 0, 0),
	(28, 0, 0),
	(29, 0, 0),
	(30, 0, 0),
	(31, 0, 0),
	(32, 0, 0),
	(33, 0, 0),
	(34, 0, 0),
	(35, 0, 0),
	(36, 0, 0),
	(37, 0, 0),
	(38, 0, 0),
	(39, 0, 0),
	(40, 0, 0),
	(41, 0, 0),
	(42, 0, 0),
	(43, 0, 0),
	(44, 0, 0),
	(45, 0, 0),
	(46, 0, 0),
	(47, 0, 0),
	(48, 0, 0),
	(49, 0, 0),
	(50, 0, 0),
	(51, 0, 0),
	(52, 0, 0),
	(53, 0, 0),
	(54, 0, 0),
	(55, 0, 0),
	(56, 0, 0),
	(57, 0, 0),
	(58, 0, 0),
	(59, 0, 0),
	(60, 0, 0),
	(61, 0, 0),
	(62, 0, 0),
	(63, 0, 0),
	(64, 0, 0),
	(65, 0, 0),
	(66, 0, 0),
	(67, 0, 0),
	(68, 0, 0),
	(69, 0, 0),
	(70, 0, 0),
	(71, 0, 0),
	(72, 0, 0),
	(73, 0, 0),
	(74, 0, 0),
	(75, 0, 0),
	(76, 0, 0),
	(77, 0, 0),
	(78, 0, 0),
	(79, 0, 0),
	(80, 0, 0),
	(81, 0, 0),
	(82, 0, 0),
	(83, 0, 0),
	(84, 0, 0),
	(85, 0, 0),
	(86, 0, 0),
	(87, 0, 0),
	(88, 0, 0),
	(89, 0, 0),
	(90, 0, 0),
	(91, 0, 0),
	(92, 0, 0),
	(93, 0, 0),
	(94, 0, 0),
	(95, 0, 0),
	(96, 0, 0),
	(97, 0, 0),
	(98, 0, 0),
	(99, 0, 0),
	(100, 0, 0),
	(101, 0, 0),
	(102, 0, 0),
	(103, 0, 0),
	(104, 0, 0),
	(105, 0, 0),
	(106, 0, 0),
	(107, 0, 0),
	(108, 0, 0),
	(109, 0, 0),
	(110, 0, 0),
	(111, 0, 0),
	(112, 0, 0),
	(113, 0, 0),
	(114, 0, 0),
	(115, 0, 0),
	(116, 0, 0),
	(117, 0, 0),
	(118, 0, 0),
	(119, 0, 0),
	(120, 0, 0),
	(121, 0, 0),
	(122, 0, 0),
	(123, 0, 0),
	(124, 0, 0),
	(125, 0, 0),
	(126, 0, 0),
	(127, 0, 0),
	(128, 0, 0),
	(129, 0, 0),
	(130, 0, 0),
	(131, 0, 0),
	(132, 0, 0),
	(133, 0, 0),
	(134, 0, 0),
	(135, 0, 0),
	(136, 0, 0),
	(137, 0, 0),
	(138, 0, 0),
	(139, 0, 0),
	(140, 0, 0),
	(141, 0, 0),
	(142, 0, 0),
	(143, 0, 0),
	(144, 0, 0),
	(145, 0, 0),
	(146, 0, 0),
	(147, 0, 0),
	(148, 0, 0),
	(149, 0, 0),
	(150, 0, 0),
	(151, 0, 0),
	(152, 0, 0),
	(153, 0, 0),
	(154, 0, 0),
	(155, 0, 0),
	(156, 0, 0),
	(157, 0, 0),
	(158, 0, 0),
	(159, 0, 0),
	(160, 0, 0),
	(161, 0, 0),
	(162, 0, 0),
	(163, 0, 0),
	(164, 0, 0),
	(165, 0, 0),
	(166, 0, 0),
	(167, 0, 0),
	(168, 0, 0),
	(169, 0, 0),
	(170, 0, 0),
	(171, 0, 0),
	(172, 0, 0),
	(173, 0, 0),
	(174, 0, 0),
	(175, 0, 0),
	(176, 0, 0),
	(177, 0, 0),
	(178, 0, 0),
	(179, 0, 0),
	(180, 0, 0),
	(181, 0, 0),
	(182, 0, 0),
	(183, 0, 0),
	(184, 0, 0),
	(185, 0, 0),
	(186, 0, 0),
	(187, 0, 0),
	(188, 0, 0),
	(189, 0, 0),
	(190, 0, 0),
	(191, 0, 0),
	(192, 0, 0),
	(193, 0, 0),
	(194, 0, 0),
	(195, 0, 0),
	(196, 0, 0),
	(197, 0, 0),
	(198, 0, 0),
	(199, 0, 0),
	(200, 0, 0),
	(201, 0, 0),
	(202, 0, 0),
	(203, 0, 0),
	(204, 0, 0),
	(205, 0, 0),
	(206, 0, 0),
	(207, 0, 0),
	(208, 0, 0),
	(209, 0, 0),
	(210, 0, 0),
	(211, 0, 0),
	(212, 0, 0),
	(213, 0, 0),
	(214, 0, 0),
	(215, 0, 0),
	(216, 0, 0),
	(217, 0, 0),
	(218, 0, 0),
	(219, 0, 0),
	(220, 0, 0),
	(221, 0, 0),
	(222, 0, 0),
	(223, 0, 0),
	(224, 0, 0),
	(225, 0, 0),
	(226, 0, 0),
	(227, 0, 0),
	(228, 0, 0),
	(229, 0, 0),
	(230, 0, 0),
	(231, 0, 0),
	(232, 0, 0),
	(233, 0, 0),
	(234, 0, 0),
	(235, 0, 0),
	(236, 0, 0),
	(237, 0, 0),
	(238, 0, 0),
	(239, 0, 0),
	(240, 0, 0),
	(241, 0, 0),
	(242, 0, 0),
	(243, 0, 0),
	(244, 0, 0),
	(245, 0, 0),
	(246, 0, 0),
	(247, 0, 0),
	(248, 0, 0),
	(249, 0, 0),
	(250, 0, 0),
	(251, 0, 0),
	(252, 0, 0),
	(253, 0, 0),
	(254, 0, 0),
	(255, 0, 0),
	(256, 0, 0),
	(257, 0, 0),
	(258, 0, 0),
	(259, 0, 0),
	(260, 0, 0),
	(261, 0, 0),
	(262, 0, 0),
	(263, 0, 0),
	(264, 0, 0),
	(265, 0, 0),
	(266, 0, 0),
	(267, 0, 0),
	(268, 0, 0),
	(269, 0, 0),
	(270, 0, 0),
	(271, 0, 0),
	(272, 0, 0),
	(273, 0, 0),
	(274, 0, 0),
	(275, 0, 0),
	(276, 0, 0),
	(277, 0, 0),
	(278, 0, 0),
	(279, 0, 0),
	(280, 0, 0),
	(281, 0, 0),
	(282, 0, 0),
	(283, 0, 0),
	(284, 0, 0),
	(285, 0, 0),
	(286, 0, 0),
	(287, 0, 0),
	(288, 0, 0),
	(289, 0, 0),
	(290, 0, 0),
	(291, 0, 0),
	(292, 0, 0),
	(293, 0, 0),
	(294, 0, 0),
	(295, 0, 0),
	(296, 0, 0),
	(297, 0, 0),
	(298, 0, 0),
	(299, 0, 0),
	(300, 0, 0),
	(301, 0, 0),
	(302, 0, 0),
	(303, 0, 0),
	(304, 0, 0),
	(305, 0, 0),
	(306, 0, 0),
	(307, 0, 0),
	(308, 0, 0),
	(309, 0, 0),
	(310, 0, 0),
	(311, 0, 0),
	(312, 0, 0),
	(313, 0, 0),
	(314, 0, 0),
	(315, 0, 0),
	(316, 0, 0),
	(317, 0, 0),
	(318, 0, 0),
	(319, 0, 0),
	(320, 0, 0),
	(321, 0, 0),
	(322, 0, 0),
	(323, 0, 0),
	(324, 0, 0),
	(325, 0, 0),
	(326, 0, 0),
	(327, 0, 0),
	(328, 0, 0),
	(329, 0, 0),
	(330, 0, 0),
	(331, 0, 0),
	(332, 0, 0),
	(333, 0, 0),
	(334, 0, 0),
	(335, 0, 0),
	(336, 0, 0),
	(337, 0, 0),
	(338, 0, 0),
	(339, 0, 0),
	(340, 0, 0),
	(341, 0, 0),
	(342, 0, 0),
	(343, 0, 0),
	(344, 0, 0),
	(345, 0, 0),
	(346, 0, 0),
	(347, 0, 0),
	(348, 0, 0),
	(349, 0, 0),
	(350, 0, 0),
	(351, 0, 0),
	(352, 0, 0),
	(353, 0, 0),
	(354, 0, 0),
	(355, 0, 0),
	(356, 0, 0),
	(357, 0, 0),
	(358, 0, 0),
	(359, 0, 0),
	(360, 0, 0),
	(361, 0, 0),
	(362, 0, 0),
	(363, 0, 0),
	(364, 0, 0),
	(365, 0, 0),
	(366, 0, 0),
	(367, 0, 0),
	(368, 0, 0),
	(369, 0, 0),
	(370, 0, 0),
	(371, 0, 0),
	(372, 0, 0),
	(373, 0, 0),
	(374, 0, 0),
	(375, 0, 0),
	(376, 0, 0),
	(377, 0, 0),
	(378, 0, 0),
	(379, 0, 0),
	(380, 0, 0),
	(381, 0, 0),
	(382, 0, 0),
	(383, 0, 0),
	(384, 0, 0),
	(385, 0, 0),
	(386, 0, 0),
	(387, 0, 0),
	(388, 0, 0),
	(389, 0, 0),
	(390, 0, 0),
	(391, 0, 0),
	(392, 0, 0),
	(393, 0, 0),
	(394, 0, 0),
	(395, 0, 0),
	(396, 0, 0),
	(397, 0, 0),
	(398, 0, 0),
	(399, 0, 0),
	(400, 0, 0),
	(401, 0, 0),
	(402, 0, 0),
	(403, 0, 0),
	(404, 0, 0),
	(405, 0, 0),
	(406, 0, 0),
	(407, 0, 0),
	(408, 0, 0),
	(409, 0, 0),
	(410, 0, 0),
	(411, 0, 0),
	(412, 0, 0),
	(413, 0, 0),
	(414, 0, 0),
	(415, 0, 0),
	(416, 0, 0),
	(417, 0, 0),
	(418, 0, 0),
	(419, 0, 0),
	(420, 0, 0),
	(421, 0, 0),
	(422, 0, 0),
	(423, 0, 0),
	(424, 0, 0),
	(425, 0, 0),
	(426, 0, 0),
	(427, 0, 0),
	(428, 0, 0),
	(429, 0, 0),
	(430, 0, 0),
	(431, 0, 0),
	(432, 0, 0),
	(433, 0, 0),
	(434, 0, 0),
	(435, 0, 0),
	(436, 0, 0),
	(437, 0, 0),
	(438, 0, 0),
	(439, 0, 0),
	(440, 0, 0),
	(441, 0, 0),
	(442, 0, 0),
	(443, 0, 0),
	(444, 0, 0),
	(445, 0, 0),
	(446, 0, 0),
	(447, 0, 0),
	(448, 0, 0),
	(449, 0, 0),
	(450, 0, 0),
	(451, 0, 0),
	(452, 0, 0),
	(453, 0, 0),
	(454, 0, 0),
	(455, 0, 0),
	(456, 0, 0),
	(457, 0, 0),
	(458, 0, 0),
	(459, 0, 0),
	(460, 0, 0),
	(461, 0, 0),
	(462, 0, 0),
	(463, 0, 0),
	(464, 0, 0),
	(465, 0, 0),
	(466, 0, 0),
	(467, 0, 0),
	(468, 0, 0),
	(469, 0, 0),
	(470, 0, 0),
	(471, 0, 0),
	(472, 0, 0),
	(473, 0, 0),
	(474, 0, 0),
	(475, 0, 0),
	(476, 0, 0),
	(477, 0, 0),
	(478, 0, 0),
	(479, 0, 0),
	(480, 0, 0),
	(481, 0, 0),
	(482, 0, 0),
	(483, 0, 0),
	(484, 0, 0),
	(485, 0, 0),
	(486, 0, 0),
	(487, 0, 0),
	(488, 0, 0),
	(489, 0, 0),
	(490, 0, 0),
	(491, 0, 0),
	(492, 0, 0),
	(493, 0, 0),
	(494, 0, 0),
	(495, 0, 0),
	(496, 0, 0),
	(497, 0, 0),
	(498, 0, 0),
	(499, 0, 0),
	(500, 0, 0),
	(501, 0, 0),
	(502, 0, 0),
	(503, 0, 0),
	(504, 0, 0),
	(505, 0, 0),
	(506, 0, 0),
	(507, 0, 0),
	(508, 0, 0),
	(509, 0, 0),
	(510, 0, 0),
	(511, 0, 0),
	(512, 0, 0),
	(513, 0, 0),
	(514, 0, 0),
	(515, 0, 0),
	(516, 0, 0),
	(517, 0, 0),
	(518, 0, 0),
	(519, 0, 0),
	(520, 0, 0),
	(521, 0, 0),
	(522, 0, 0),
	(523, 0, 0),
	(524, 0, 0),
	(525, 0, 0),
	(526, 0, 0),
	(527, 0, 0),
	(528, 0, 0),
	(529, 0, 0),
	(530, 0, 0),
	(531, 0, 0),
	(532, 0, 0),
	(533, 0, 0),
	(534, 0, 0),
	(535, 0, 0),
	(536, 0, 0),
	(537, 0, 0),
	(538, 0, 0),
	(539, 0, 0),
	(540, 0, 0),
	(541, 0, 0),
	(542, 0, 0),
	(543, 0, 0),
	(544, 0, 0),
	(545, 0, 0),
	(546, 0, 0),
	(547, 0, 0),
	(548, 0, 0),
	(549, 0, 0),
	(550, 0, 0),
	(551, 0, 0),
	(552, 0, 0),
	(553, 0, 0),
	(554, 0, 0),
	(555, 0, 0),
	(556, 0, 0),
	(557, 0, 0),
	(558, 0, 0),
	(559, 0, 0),
	(560, 0, 0),
	(561, 0, 0),
	(562, 0, 0),
	(563, 0, 0),
	(564, 0, 0),
	(565, 0, 0),
	(566, 0, 0),
	(567, 0, 0),
	(568, 0, 0),
	(569, 0, 0),
	(570, 0, 0),
	(571, 0, 0),
	(572, 0, 0),
	(573, 0, 0),
	(574, 0, 0),
	(575, 0, 0),
	(576, 0, 0),
	(577, 0, 0),
	(578, 0, 0),
	(579, 0, 0),
	(580, 0, 0),
	(581, 0, 0),
	(582, 0, 0),
	(583, 0, 0),
	(584, 0, 0),
	(585, 0, 0),
	(586, 0, 0),
	(587, 0, 0),
	(588, 0, 0),
	(589, 0, 0),
	(590, 0, 0),
	(591, 0, 0),
	(592, 0, 0),
	(593, 0, 0),
	(594, 0, 0),
	(595, 0, 0),
	(596, 0, 0),
	(597, 0, 0),
	(598, 0, 0),
	(599, 0, 0),
	(600, 0, 0),
	(601, 0, 0),
	(602, 0, 0),
	(603, 0, 0),
	(604, 0, 0),
	(605, 0, 0),
	(606, 0, 0),
	(607, 0, 0),
	(608, 0, 0),
	(609, 0, 0),
	(610, 0, 0),
	(611, 0, 0),
	(612, 0, 0),
	(613, 0, 0),
	(614, 0, 0),
	(615, 0, 0),
	(616, 0, 0),
	(617, 0, 0),
	(618, 0, 0),
	(619, 0, 0),
	(620, 0, 0),
	(621, 0, 0),
	(622, 0, 0),
	(623, 0, 0),
	(624, 0, 0),
	(625, 0, 0),
	(626, 0, 0),
	(627, 0, 0),
	(628, 0, 0),
	(629, 0, 0),
	(630, 0, 0),
	(631, 0, 0),
	(632, 0, 0),
	(633, 0, 0),
	(634, 0, 0),
	(635, 0, 0),
	(636, 0, 0),
	(637, 0, 0),
	(638, 0, 0),
	(639, 0, 0),
	(640, 0, 0),
	(641, 0, 0),
	(642, 0, 0),
	(643, 0, 0),
	(644, 0, 0),
	(645, 0, 0),
	(646, 0, 0),
	(647, 0, 0),
	(648, 0, 0),
	(649, 0, 0),
	(650, 0, 0),
	(651, 0, 0),
	(652, 0, 0),
	(653, 0, 0),
	(654, 0, 0),
	(655, 0, 0),
	(656, 0, 0),
	(657, 0, 0),
	(658, 0, 0),
	(659, 0, 0),
	(660, 0, 0),
	(661, 0, 0),
	(662, 0, 0),
	(663, 0, 0),
	(664, 0, 0),
	(665, 0, 0),
	(666, 0, 0),
	(667, 0, 0),
	(668, 0, 0),
	(669, 0, 0),
	(670, 0, 0),
	(671, 0, 0),
	(672, 0, 0),
	(673, 0, 0),
	(674, 0, 0),
	(675, 0, 0),
	(676, 0, 0),
	(677, 0, 0),
	(678, 0, 0),
	(679, 0, 0),
	(680, 0, 0),
	(681, 0, 0),
	(682, 0, 0),
	(683, 0, 0),
	(684, 0, 0),
	(685, 0, 0),
	(686, 0, 0),
	(687, 0, 0),
	(688, 0, 0),
	(689, 0, 0),
	(690, 0, 0),
	(691, 0, 0),
	(692, 0, 0),
	(693, 0, 0),
	(694, 0, 0),
	(695, 0, 0),
	(696, 0, 0),
	(697, 0, 0),
	(698, 0, 0),
	(699, 0, 0),
	(700, 0, 0),
	(701, 0, 0),
	(702, 0, 0),
	(703, 0, 0),
	(704, 0, 0),
	(705, 0, 0),
	(706, 0, 0),
	(707, 0, 0),
	(708, 0, 0),
	(709, 0, 0),
	(710, 0, 0),
	(711, 0, 0),
	(712, 0, 0),
	(713, 0, 0),
	(714, 0, 0),
	(715, 0, 0),
	(716, 0, 0),
	(717, 0, 0),
	(718, 0, 0),
	(719, 0, 0),
	(720, 0, 0),
	(721, 0, 0),
	(722, 0, 0),
	(723, 0, 0),
	(724, 0, 0),
	(725, 0, 0),
	(726, 0, 0),
	(727, 0, 0),
	(728, 0, 0),
	(729, 0, 0),
	(730, 0, 0),
	(731, 0, 0),
	(732, 0, 0),
	(733, 0, 0),
	(734, 0, 0),
	(735, 0, 0),
	(736, 0, 0),
	(737, 0, 0),
	(738, 0, 0),
	(739, 0, 0),
	(740, 0, 0),
	(741, 0, 0),
	(742, 0, 0),
	(743, 0, 0),
	(744, 0, 0),
	(745, 0, 0),
	(746, 0, 0),
	(747, 0, 0),
	(748, 0, 0),
	(749, 0, 0),
	(750, 0, 0),
	(751, 0, 0),
	(752, 0, 0),
	(753, 0, 0),
	(754, 0, 0),
	(755, 0, 0),
	(756, 0, 0),
	(757, 0, 0),
	(758, 0, 0),
	(759, 0, 0),
	(760, 0, 0),
	(761, 0, 0),
	(762, 0, 0),
	(763, 0, 0),
	(764, 0, 0),
	(765, 0, 0),
	(766, 0, 0),
	(767, 0, 0),
	(768, 0, 0),
	(769, 0, 0),
	(770, 0, 0),
	(771, 0, 0),
	(772, 0, 0),
	(773, 0, 0),
	(774, 0, 0),
	(775, 0, 0),
	(776, 0, 0),
	(777, 0, 0),
	(778, 0, 0),
	(779, 0, 0),
	(780, 0, 0),
	(781, 0, 0),
	(782, 0, 0),
	(783, 0, 0),
	(784, 0, 0),
	(785, 0, 0),
	(786, 0, 0),
	(787, 0, 0),
	(788, 0, 0),
	(789, 0, 0),
	(790, 0, 0),
	(791, 0, 0),
	(792, 0, 0),
	(793, 0, 0),
	(794, 0, 0),
	(795, 0, 0),
	(796, 0, 0),
	(797, 0, 0),
	(798, 0, 0),
	(799, 0, 0),
	(800, 0, 0),
	(801, 0, 0),
	(802, 0, 0),
	(803, 0, 0),
	(804, 0, 0),
	(805, 0, 0),
	(806, 0, 0),
	(807, 0, 0),
	(808, 0, 0),
	(809, 0, 0),
	(810, 0, 0),
	(811, 0, 0),
	(812, 0, 0),
	(813, 0, 0),
	(814, 0, 0),
	(815, 0, 0),
	(816, 0, 0),
	(817, 0, 0),
	(818, 0, 0),
	(819, 0, 0),
	(820, 0, 0),
	(821, 0, 0),
	(822, 0, 0),
	(823, 0, 0),
	(824, 0, 0),
	(825, 0, 0),
	(826, 0, 0),
	(827, 0, 0),
	(828, 0, 0),
	(829, 0, 0),
	(830, 0, 0),
	(831, 0, 0),
	(832, 0, 0),
	(833, 0, 0),
	(834, 0, 0),
	(835, 0, 0),
	(836, 0, 0),
	(837, 0, 0),
	(838, 0, 0),
	(839, 0, 0),
	(840, 0, 0),
	(841, 0, 0),
	(842, 0, 0),
	(843, 0, 0),
	(844, 0, 0),
	(845, 0, 0),
	(846, 0, 0),
	(847, 0, 0),
	(848, 0, 0),
	(849, 0, 0),
	(850, 0, 0),
	(851, 0, 0),
	(852, 0, 0),
	(853, 0, 0),
	(854, 0, 0),
	(855, 0, 0),
	(856, 0, 0),
	(857, 0, 0),
	(858, 0, 0),
	(859, 0, 0),
	(860, 0, 0),
	(861, 0, 0),
	(862, 0, 0),
	(863, 0, 0),
	(864, 0, 0),
	(865, 0, 0),
	(866, 0, 0),
	(867, 0, 0),
	(868, 0, 0),
	(869, 0, 0),
	(870, 0, 0),
	(871, 0, 0),
	(872, 0, 0),
	(873, 0, 0),
	(874, 0, 0),
	(875, 0, 0),
	(876, 0, 0),
	(877, 0, 0),
	(878, 0, 0),
	(879, 0, 0),
	(880, 0, 0),
	(881, 0, 0),
	(882, 0, 0),
	(883, 0, 0),
	(884, 0, 0),
	(885, 0, 0),
	(886, 0, 0),
	(887, 0, 0),
	(888, 0, 0),
	(889, 0, 0),
	(890, 0, 0),
	(891, 0, 0),
	(892, 0, 0),
	(893, 0, 0),
	(894, 0, 0);
/*!40000 ALTER TABLE `stav_km` ENABLE KEYS */;

-- Dumping structure for table enisapp.uzivatel
CREATE TABLE IF NOT EXISTS `uzivatel` (
  `id` bigint(20) NOT NULL AUTO_INCREMENT,
  `heslo` varchar(255) DEFAULT NULL,
  `jmeno` varchar(255) DEFAULT NULL,
  `role_id` bigint(20) NOT NULL,
  PRIMARY KEY (`id`),
  KEY `FK7jsfmswusmv086dbufbhmtrik` (`role_id`),
  CONSTRAINT `FK7jsfmswusmv086dbufbhmtrik` FOREIGN KEY (`role_id`) REFERENCES `role` (`id`)
) ENGINE=InnoDB AUTO_INCREMENT=2 DEFAULT CHARSET=latin1;

-- Dumping data for table enisapp.uzivatel: ~1 rows (approximately)
/*!40000 ALTER TABLE `uzivatel` DISABLE KEYS */;
REPLACE INTO `uzivatel` (`id`, `heslo`, `jmeno`, `role_id`) VALUES
	(1, 'test', 'test', 1);
/*!40000 ALTER TABLE `uzivatel` ENABLE KEYS */;

-- Dumping structure for table enisapp.vuz
CREATE TABLE IF NOT EXISTS `vuz` (
  `id` bigint(20) NOT NULL AUTO_INCREMENT,
  `max_rychlost` bigint(20) NOT NULL,
  `stav_vozu` int(11) NOT NULL,
  `vlastni_hmotnost` bigint(20) NOT NULL,
  `vuz_cis` bigint(20) NOT NULL,
  `podvozek_id` bigint(20) NOT NULL,
  `revize_id` bigint(20) NOT NULL,
  `rozmer_id` bigint(20) NOT NULL,
  `rucni_brzda_id` bigint(20) NOT NULL,
  `stav_km_id` bigint(20) NOT NULL,
  `vzduchova_brzda_id` bigint(20) NOT NULL,
  PRIMARY KEY (`id`),
  KEY `FKtdvkrjhplidousfwml5xr3gfm` (`podvozek_id`),
  KEY `FK7i84wekxbva142sfiv9vcwkuw` (`revize_id`),
  KEY `FKdftogfgr3sap4dak4tijq9xyf` (`rozmer_id`),
  KEY `FKkif9wlnvbeqi3pblqr5qgnapt` (`rucni_brzda_id`),
  KEY `FK41e505wnmo09srgcrt4v055ps` (`stav_km_id`),
  KEY `FKk7ltj09iiajadeshoe9a24sr7` (`vzduchova_brzda_id`),
  CONSTRAINT `FKk7ltj09iiajadeshoe9a24sr7` FOREIGN KEY (`vzduchova_brzda_id`) REFERENCES `vzduchova_brzda` (`id`),
  CONSTRAINT `FK41e505wnmo09srgcrt4v055ps` FOREIGN KEY (`stav_km_id`) REFERENCES `stav_km` (`id`),
  CONSTRAINT `FK7i84wekxbva142sfiv9vcwkuw` FOREIGN KEY (`revize_id`) REFERENCES `revize` (`id`),
  CONSTRAINT `FKdftogfgr3sap4dak4tijq9xyf` FOREIGN KEY (`rozmer_id`) REFERENCES `rozmery` (`id`),
  CONSTRAINT `FKkif9wlnvbeqi3pblqr5qgnapt` FOREIGN KEY (`rucni_brzda_id`) REFERENCES `rucni_brzda` (`id`),
  CONSTRAINT `FKtdvkrjhplidousfwml5xr3gfm` FOREIGN KEY (`podvozek_id`) REFERENCES `podvozek` (`id`)
) ENGINE=InnoDB AUTO_INCREMENT=895 DEFAULT CHARSET=latin1;

-- Dumping data for table enisapp.vuz: ~972 rows (approximately)
/*!40000 ALTER TABLE `vuz` DISABLE KEYS */;
REPLACE INTO `vuz` (`id`, `max_rychlost`, `stav_vozu`, `vlastni_hmotnost`, `vuz_cis`, `podvozek_id`, `revize_id`, `rozmer_id`, `rucni_brzda_id`, `stav_km_id`, `vzduchova_brzda_id`) VALUES
	(1, 100, 1, 14000, 235401302148, 1, 1, 1, 1, 1, 1),
	(2, 0, 1, 12350, 235407300138, 2, 2, 2, 2, 2, 2),
	(3, 100, 1, 12700, 235407300278, 3, 3, 3, 3, 3, 3),
	(4, 120, 1, 12700, 235407300344, 4, 4, 4, 4, 4, 4),
	(5, 0, 1, 13800, 235407301193, 5, 5, 5, 5, 5, 5),
	(6, 0, 1, 13550, 235407301300, 6, 6, 6, 6, 6, 6),
	(7, 0, 1, 13400, 235407301342, 7, 7, 7, 7, 7, 7),
	(8, 0, 1, 13000, 235407304981, 8, 8, 8, 8, 8, 8),
	(9, 100, 1, 25050, 235443660370, 9, 9, 9, 9, 9, 9),
	(10, 100, 1, 24800, 235443661329, 10, 10, 10, 10, 10, 10),
	(11, 100, 1, 25700, 235443662384, 11, 11, 11, 11, 11, 11),
	(12, 100, 1, 32350, 235443700804, 12, 12, 12, 12, 12, 12),
	(13, 100, 1, 32300, 235443700887, 13, 13, 13, 13, 13, 13),
	(14, 100, 1, 31950, 235443700903, 14, 14, 14, 14, 14, 14),
	(15, 100, 1, 32200, 235443700945, 15, 15, 15, 15, 15, 15),
	(16, 100, 1, 32250, 235443700952, 16, 16, 16, 16, 16, 16),
	(17, 100, 1, 31750, 235443700978, 17, 17, 17, 17, 17, 17),
	(18, 100, 1, 31750, 235443701026, 18, 18, 18, 18, 18, 18),
	(19, 100, 1, 31750, 235443701034, 19, 19, 19, 19, 19, 19),
	(20, 100, 1, 32050, 235443701067, 20, 20, 20, 20, 20, 20),
	(21, 100, 1, 31750, 235443701075, 21, 21, 21, 21, 21, 21),
	(22, 100, 1, 31750, 235443701125, 22, 22, 22, 22, 22, 22),
	(23, 100, 1, 31750, 235443701141, 23, 23, 23, 23, 23, 23),
	(24, 100, 1, 32100, 235443701216, 24, 24, 24, 24, 24, 24),
	(25, 100, 1, 31950, 235443701232, 25, 25, 25, 25, 25, 25),
	(26, 100, 1, 31850, 235443701299, 26, 26, 26, 26, 26, 26),
	(27, 120, 1, 11530, 235444250031, 27, 27, 27, 27, 27, 27),
	(28, 120, 1, 11530, 235444250080, 28, 28, 28, 28, 28, 28),
	(29, 120, 1, 11530, 235444250098, 29, 29, 29, 29, 29, 29),
	(30, 120, 1, 28740, 335408390011, 30, 30, 30, 30, 30, 30),
	(31, 120, 1, 28520, 335408390029, 31, 31, 31, 31, 31, 31),
	(32, 120, 1, 23500, 335439455007, 32, 32, 32, 32, 32, 32),
	(33, 120, 1, 23500, 335439455155, 33, 33, 33, 33, 33, 33),
	(34, 120, 1, 23100, 335439455163, 34, 34, 34, 34, 34, 34),
	(35, 120, 1, 21500, 335445760069, 35, 35, 35, 35, 35, 35),
	(36, 120, 1, 21500, 335445760168, 36, 36, 36, 36, 36, 36),
	(37, 120, 1, 21500, 335445760176, 37, 37, 37, 37, 37, 37),
	(38, 120, 1, 21500, 335445760218, 38, 38, 38, 38, 38, 38),
	(39, 120, 1, 21500, 335445760234, 39, 39, 39, 39, 39, 39),
	(40, 120, 1, 21000, 335445760242, 40, 40, 40, 40, 40, 40),
	(41, 120, 1, 21500, 335445760275, 41, 41, 41, 41, 41, 41),
	(42, 120, 1, 21500, 335445760291, 42, 42, 42, 42, 42, 42),
	(43, 120, 1, 21500, 335445760325, 43, 43, 43, 43, 43, 43),
	(44, 120, 1, 21500, 335445760333, 44, 44, 44, 44, 44, 44),
	(45, 120, 1, 21500, 335445760341, 45, 45, 45, 45, 45, 45),
	(46, 120, 1, 21500, 335445760358, 46, 46, 46, 46, 46, 46),
	(47, 120, 1, 21500, 335445760408, 47, 47, 47, 47, 47, 47),
	(48, 120, 1, 21500, 335445760457, 48, 48, 48, 48, 48, 48),
	(49, 120, 1, 21500, 335445760465, 49, 49, 49, 49, 49, 49),
	(50, 120, 1, 21500, 335445760499, 50, 50, 50, 50, 50, 50),
	(51, 120, 1, 21500, 335445760515, 51, 51, 51, 51, 51, 51),
	(52, 120, 1, 21500, 335445760580, 52, 52, 52, 52, 52, 52),
	(53, 120, 1, 21500, 335445760663, 53, 53, 53, 53, 53, 53),
	(54, 120, 1, 21500, 335445760762, 54, 54, 54, 54, 54, 54),
	(55, 120, 1, 21500, 335445760796, 55, 55, 55, 55, 55, 55),
	(56, 120, 1, 21500, 335445760846, 56, 56, 56, 56, 56, 56),
	(57, 120, 1, 21500, 335445760853, 57, 57, 57, 57, 57, 57),
	(58, 120, 1, 21500, 335445760911, 58, 58, 58, 58, 58, 58),
	(59, 120, 1, 21500, 335445760945, 59, 59, 59, 59, 59, 59),
	(60, 120, 1, 21500, 335445760994, 60, 60, 60, 60, 60, 60),
	(61, 120, 1, 21500, 335445761018, 61, 61, 61, 61, 61, 61),
	(62, 120, 1, 21500, 335445761067, 62, 62, 62, 62, 62, 62),
	(63, 120, 1, 21500, 335445761109, 63, 63, 63, 63, 63, 63),
	(64, 120, 1, 21500, 335445761133, 64, 64, 64, 64, 64, 64),
	(65, 120, 1, 21500, 335445761190, 65, 65, 65, 65, 65, 65),
	(66, 120, 1, 21500, 335445761208, 66, 66, 66, 66, 66, 66),
	(67, 120, 1, 21500, 335445761216, 67, 67, 67, 67, 67, 67),
	(68, 120, 1, 21500, 335445761240, 68, 68, 68, 68, 68, 68),
	(69, 120, 1, 21500, 335445761257, 69, 69, 69, 69, 69, 69),
	(70, 120, 1, 21500, 335445761281, 70, 70, 70, 70, 70, 70),
	(71, 120, 1, 21500, 335445761307, 71, 71, 71, 71, 71, 71),
	(72, 120, 1, 21500, 335445761315, 72, 72, 72, 72, 72, 72),
	(73, 120, 1, 21500, 335445761323, 73, 73, 73, 73, 73, 73),
	(74, 120, 1, 21500, 335445761356, 74, 74, 74, 74, 74, 74),
	(75, 120, 1, 21500, 335445761406, 75, 75, 75, 75, 75, 75),
	(76, 120, 1, 21500, 335445761695, 76, 76, 76, 76, 76, 76),
	(77, 120, 1, 21500, 335445761711, 77, 77, 77, 77, 77, 77),
	(78, 120, 1, 21500, 335445761737, 78, 78, 78, 78, 78, 78),
	(79, 120, 1, 21500, 335445761760, 79, 79, 79, 79, 79, 79),
	(80, 120, 1, 21500, 335445761802, 80, 80, 80, 80, 80, 80),
	(81, 120, 1, 21500, 335445761810, 81, 81, 81, 81, 81, 81),
	(82, 120, 1, 21500, 335445761836, 82, 82, 82, 82, 82, 82),
	(83, 120, 1, 21900, 335445761877, 83, 83, 83, 83, 83, 83),
	(84, 120, 1, 21500, 335445761885, 84, 84, 84, 84, 84, 84),
	(85, 120, 1, 21500, 335445762016, 85, 85, 85, 85, 85, 85),
	(86, 120, 1, 21500, 335445762057, 86, 86, 86, 86, 86, 86),
	(87, 120, 1, 21500, 335445762065, 87, 87, 87, 87, 87, 87),
	(88, 120, 1, 21500, 335445762073, 88, 88, 88, 88, 88, 88),
	(89, 120, 1, 21500, 335445762099, 89, 89, 89, 89, 89, 89),
	(90, 120, 1, 21500, 335445762107, 90, 90, 90, 90, 90, 90),
	(91, 120, 1, 21500, 335445762123, 91, 91, 91, 91, 91, 91),
	(92, 120, 1, 21500, 335445762263, 92, 92, 92, 92, 92, 92),
	(93, 120, 1, 21500, 335445762354, 93, 93, 93, 93, 93, 93),
	(94, 120, 1, 21500, 335445762461, 94, 94, 94, 94, 94, 94),
	(95, 120, 1, 28000, 335449500610, 95, 95, 95, 95, 95, 95),
	(96, 120, 1, 28000, 335449500669, 96, 96, 96, 96, 96, 96),
	(97, 120, 1, 28000, 335449500677, 97, 97, 97, 97, 97, 97),
	(98, 120, 1, 28000, 335449500701, 98, 98, 98, 98, 98, 98),
	(99, 100, 1, 28000, 335449500743, 99, 99, 99, 99, 99, 99),
	(100, 120, 1, 28000, 335449500750, 100, 100, 100, 100, 100, 100),
	(101, 100, 1, 28000, 335449500925, 101, 101, 101, 101, 101, 101),
	(102, 100, 1, 28000, 335449500982, 102, 102, 102, 102, 102, 102),
	(103, 100, 1, 28000, 335449501006, 103, 103, 103, 103, 103, 103),
	(104, 100, 1, 28000, 335449501402, 104, 104, 104, 104, 104, 104),
	(105, 100, 1, 28000, 335449501634, 105, 105, 105, 105, 105, 105),
	(106, 120, 1, 25510, 335449600006, 106, 106, 106, 106, 106, 106),
	(107, 120, 1, 25310, 335449600022, 107, 107, 107, 107, 107, 107),
	(108, 120, 1, 25395, 335449600030, 108, 108, 108, 108, 108, 108),
	(109, 120, 1, 25270, 335449600055, 109, 109, 109, 109, 109, 109),
	(110, 120, 1, 25280, 335449600113, 110, 110, 110, 110, 110, 110),
	(111, 120, 1, 25075, 335449600121, 111, 111, 111, 111, 111, 111),
	(112, 120, 1, 25095, 335449600139, 112, 112, 112, 112, 112, 112),
	(113, 120, 1, 25150, 335449600162, 113, 113, 113, 113, 113, 113),
	(114, 120, 1, 25390, 335449600196, 114, 114, 114, 114, 114, 114),
	(115, 120, 1, 25410, 335449600261, 115, 115, 115, 115, 115, 115),
	(116, 120, 1, 25450, 335449600279, 116, 116, 116, 116, 116, 116),
	(117, 120, 1, 25440, 335449600287, 117, 117, 117, 117, 117, 117),
	(118, 120, 1, 25510, 335449600295, 118, 118, 118, 118, 118, 118),
	(119, 120, 1, 25290, 335449600303, 119, 119, 119, 119, 119, 119),
	(120, 120, 1, 25440, 335449600329, 120, 120, 120, 120, 120, 120),
	(121, 120, 1, 25130, 335449600378, 121, 121, 121, 121, 121, 121),
	(122, 120, 1, 25220, 335449600444, 122, 122, 122, 122, 122, 122),
	(123, 120, 1, 25190, 335449600477, 123, 123, 123, 123, 123, 123),
	(124, 120, 1, 25105, 335449600493, 124, 124, 124, 124, 124, 124),
	(125, 120, 1, 25350, 335449600501, 125, 125, 125, 125, 125, 125),
	(126, 120, 1, 25235, 335449600527, 126, 126, 126, 126, 126, 126),
	(127, 120, 1, 25185, 335449600550, 127, 127, 127, 127, 127, 127),
	(128, 120, 1, 25355, 335449600568, 128, 128, 128, 128, 128, 128),
	(129, 120, 1, 25300, 335449600592, 129, 129, 129, 129, 129, 129),
	(130, 120, 1, 25070, 335449600600, 130, 130, 130, 130, 130, 130),
	(131, 120, 1, 25290, 335449600634, 131, 131, 131, 131, 131, 131),
	(132, 120, 1, 25440, 335449600659, 132, 132, 132, 132, 132, 132),
	(133, 120, 1, 25220, 335449600675, 133, 133, 133, 133, 133, 133),
	(134, 120, 1, 25195, 335449600691, 134, 134, 134, 134, 134, 134),
	(135, 120, 1, 25130, 335449600717, 135, 135, 135, 135, 135, 135),
	(136, 120, 1, 25180, 335449600766, 136, 136, 136, 136, 136, 136),
	(137, 120, 1, 25420, 335449600774, 137, 137, 137, 137, 137, 137),
	(138, 120, 1, 25120, 335449600790, 138, 138, 138, 138, 138, 138),
	(139, 120, 1, 25175, 335449600832, 139, 139, 139, 139, 139, 139),
	(140, 120, 1, 25110, 335449600840, 140, 140, 140, 140, 140, 140),
	(141, 120, 1, 25260, 335449600865, 141, 141, 141, 141, 141, 141),
	(142, 120, 1, 25160, 335449600873, 142, 142, 142, 142, 142, 142),
	(143, 120, 1, 25130, 335449600881, 143, 143, 143, 143, 143, 143),
	(144, 120, 1, 25240, 335449600899, 144, 144, 144, 144, 144, 144),
	(145, 120, 1, 25280, 335449600907, 145, 145, 145, 145, 145, 145),
	(146, 120, 1, 25310, 335449600956, 146, 146, 146, 146, 146, 146),
	(147, 120, 1, 25220, 335449600964, 147, 147, 147, 147, 147, 147),
	(148, 120, 1, 25295, 335449601046, 148, 148, 148, 148, 148, 148),
	(149, 120, 1, 25330, 335449601053, 149, 149, 149, 149, 149, 149),
	(150, 120, 1, 25415, 335449601137, 150, 150, 150, 150, 150, 150),
	(151, 120, 1, 25160, 335449601145, 151, 151, 151, 151, 151, 151),
	(152, 120, 1, 25290, 335449601178, 152, 152, 152, 152, 152, 152),
	(153, 120, 1, 25340, 335449601186, 153, 153, 153, 153, 153, 153),
	(154, 120, 1, 25350, 335449601194, 154, 154, 154, 154, 154, 154),
	(155, 120, 1, 25070, 335449601236, 155, 155, 155, 155, 155, 155),
	(156, 120, 1, 25065, 335449601251, 156, 156, 156, 156, 156, 156),
	(157, 120, 1, 24675, 335449601301, 157, 157, 157, 157, 157, 157),
	(158, 120, 1, 25180, 335449601319, 158, 158, 158, 158, 158, 158),
	(159, 120, 1, 25320, 335449601343, 159, 159, 159, 159, 159, 159),
	(160, 120, 1, 25240, 335449601350, 160, 160, 160, 160, 160, 160),
	(161, 120, 1, 25100, 335449601368, 161, 161, 161, 161, 161, 161),
	(162, 120, 1, 25030, 335449601434, 162, 162, 162, 162, 162, 162),
	(163, 120, 1, 25220, 335449601442, 163, 163, 163, 163, 163, 163),
	(164, 120, 1, 25300, 335449601483, 164, 164, 164, 164, 164, 164),
	(165, 120, 1, 25100, 335449601533, 165, 165, 165, 165, 165, 165),
	(166, 120, 1, 25160, 335449601582, 166, 166, 166, 166, 166, 166),
	(167, 120, 1, 25310, 335449601608, 167, 167, 167, 167, 167, 167),
	(168, 120, 1, 25280, 335449601657, 168, 168, 168, 168, 168, 168),
	(169, 120, 1, 25280, 335449601731, 169, 169, 169, 169, 169, 169),
	(170, 120, 1, 25175, 335449601772, 170, 170, 170, 170, 170, 170),
	(171, 120, 1, 25000, 335449601889, 171, 171, 171, 171, 171, 171),
	(172, 120, 1, 25230, 335449602010, 172, 172, 172, 172, 172, 172),
	(173, 120, 1, 25085, 335449602028, 173, 173, 173, 173, 173, 173),
	(174, 120, 1, 25020, 335449602093, 174, 174, 174, 174, 174, 174),
	(175, 120, 1, 25010, 335449602234, 175, 175, 175, 175, 175, 175),
	(176, 120, 1, 25180, 335449602291, 176, 176, 176, 176, 176, 176),
	(177, 120, 1, 25060, 335449602440, 177, 177, 177, 177, 177, 177),
	(178, 120, 1, 25080, 335449602564, 178, 178, 178, 178, 178, 178),
	(179, 120, 1, 25010, 335449602572, 179, 179, 179, 179, 179, 179),
	(180, 120, 1, 25260, 335449602630, 180, 180, 180, 180, 180, 180),
	(181, 120, 1, 25135, 335449602945, 181, 181, 181, 181, 181, 181),
	(182, 120, 1, 25230, 335449602960, 182, 182, 182, 182, 182, 182),
	(183, 120, 1, 25100, 335449602978, 183, 183, 183, 183, 183, 183),
	(184, 120, 1, 25040, 335449603158, 184, 184, 184, 184, 184, 184),
	(185, 120, 1, 25070, 335449603232, 185, 185, 185, 185, 185, 185),
	(186, 120, 1, 25000, 335449603240, 186, 186, 186, 186, 186, 186),
	(187, 120, 1, 25040, 335449603299, 187, 187, 187, 187, 187, 187),
	(188, 120, 1, 25070, 335449603323, 188, 188, 188, 188, 188, 188),
	(189, 120, 1, 25010, 335449603356, 189, 189, 189, 189, 189, 189),
	(190, 120, 1, 25090, 335449603364, 190, 190, 190, 190, 190, 190),
	(191, 120, 1, 25190, 335449603380, 191, 191, 191, 191, 191, 191),
	(192, 120, 1, 25010, 335449603406, 192, 192, 192, 192, 192, 192),
	(193, 120, 1, 25090, 335449603489, 193, 193, 193, 193, 193, 193),
	(194, 120, 1, 25040, 335449603521, 194, 194, 194, 194, 194, 194),
	(195, 120, 1, 25010, 335449603547, 195, 195, 195, 195, 195, 195),
	(196, 120, 1, 25005, 335449603612, 196, 196, 196, 196, 196, 196),
	(197, 120, 1, 25165, 335449603638, 197, 197, 197, 197, 197, 197),
	(198, 120, 1, 25070, 335449603661, 198, 198, 198, 198, 198, 198),
	(199, 120, 1, 25185, 335449603679, 199, 199, 199, 199, 199, 199),
	(200, 120, 1, 25130, 335449603703, 200, 200, 200, 200, 200, 200),
	(201, 120, 1, 25040, 335449603760, 201, 201, 201, 201, 201, 201),
	(202, 120, 1, 25040, 335449603802, 202, 202, 202, 202, 202, 202),
	(203, 120, 1, 25180, 335449603810, 203, 203, 203, 203, 203, 203),
	(204, 120, 1, 25030, 335449603893, 204, 204, 204, 204, 204, 204),
	(205, 120, 1, 25030, 335449603901, 205, 205, 205, 205, 205, 205),
	(206, 120, 1, 25045, 335449603943, 206, 206, 206, 206, 206, 206),
	(207, 120, 1, 25150, 335449604008, 207, 207, 207, 207, 207, 207),
	(208, 120, 1, 25080, 335449604032, 208, 208, 208, 208, 208, 208),
	(209, 120, 1, 24690, 335449604107, 209, 209, 209, 209, 209, 209),
	(210, 120, 1, 25060, 335449604222, 210, 210, 210, 210, 210, 210),
	(211, 120, 1, 25010, 335449604230, 211, 211, 211, 211, 211, 211),
	(212, 120, 1, 25070, 335449604263, 212, 212, 212, 212, 212, 212),
	(213, 120, 1, 25010, 335449604321, 213, 213, 213, 213, 213, 213),
	(214, 120, 1, 25080, 335449604339, 214, 214, 214, 214, 214, 214),
	(215, 120, 1, 25475, 335449604388, 215, 215, 215, 215, 215, 215),
	(216, 120, 1, 25260, 335449604446, 216, 216, 216, 216, 216, 216),
	(217, 120, 1, 25010, 335449604479, 217, 217, 217, 217, 217, 217),
	(218, 120, 1, 25030, 335449604487, 218, 218, 218, 218, 218, 218),
	(219, 120, 1, 25050, 335449604537, 219, 219, 219, 219, 219, 219),
	(220, 120, 1, 25040, 335449604651, 220, 220, 220, 220, 220, 220),
	(221, 120, 1, 25060, 335449604701, 221, 221, 221, 221, 221, 221),
	(222, 120, 1, 25030, 335449604834, 222, 222, 222, 222, 222, 222),
	(223, 120, 1, 25230, 335449604875, 223, 223, 223, 223, 223, 223),
	(224, 120, 1, 25210, 335449604883, 224, 224, 224, 224, 224, 224),
	(225, 120, 1, 25480, 335449604990, 225, 225, 225, 225, 225, 225),
	(226, 120, 1, 25140, 335449605104, 226, 226, 226, 226, 226, 226),
	(227, 120, 1, 25290, 335449605153, 227, 227, 227, 227, 227, 227),
	(228, 120, 1, 25220, 335449605195, 228, 228, 228, 228, 228, 228),
	(229, 120, 1, 25010, 335449605237, 229, 229, 229, 229, 229, 229),
	(230, 120, 1, 25080, 335449605245, 230, 230, 230, 230, 230, 230),
	(231, 120, 1, 25030, 335449605294, 231, 231, 231, 231, 231, 231),
	(232, 120, 1, 25230, 335449605302, 232, 232, 232, 232, 232, 232),
	(233, 120, 1, 25130, 335449605328, 233, 233, 233, 233, 233, 233),
	(234, 120, 1, 25090, 335449605336, 234, 234, 234, 234, 234, 234),
	(235, 120, 1, 25040, 335449605377, 235, 235, 235, 235, 235, 235),
	(236, 120, 1, 25050, 335449605385, 236, 236, 236, 236, 236, 236),
	(237, 120, 1, 25020, 335449605419, 237, 237, 237, 237, 237, 237),
	(238, 120, 1, 25000, 335449605427, 238, 238, 238, 238, 238, 238),
	(239, 120, 1, 25000, 335449605443, 239, 239, 239, 239, 239, 239),
	(240, 120, 1, 25020, 335449605476, 240, 240, 240, 240, 240, 240),
	(241, 120, 1, 25020, 335449605567, 241, 241, 241, 241, 241, 241),
	(242, 120, 1, 25240, 335449605609, 242, 242, 242, 242, 242, 242),
	(243, 120, 1, 25050, 335449605625, 243, 243, 243, 243, 243, 243),
	(244, 120, 1, 25210, 335449605674, 244, 244, 244, 244, 244, 244),
	(245, 120, 1, 25140, 335449605740, 245, 245, 245, 245, 245, 245),
	(246, 120, 1, 25020, 335449605765, 246, 246, 246, 246, 246, 246),
	(247, 120, 1, 25110, 335449605815, 247, 247, 247, 247, 247, 247),
	(248, 120, 1, 25190, 335449605864, 248, 248, 248, 248, 248, 248),
	(249, 120, 1, 25170, 335449605914, 249, 249, 249, 249, 249, 249),
	(250, 120, 1, 25080, 335449605922, 250, 250, 250, 250, 250, 250),
	(251, 120, 1, 25170, 335449605930, 251, 251, 251, 251, 251, 251),
	(252, 120, 1, 25170, 335449605955, 252, 252, 252, 252, 252, 252),
	(253, 120, 1, 25070, 335449605963, 253, 253, 253, 253, 253, 253),
	(254, 120, 1, 25100, 335449606037, 254, 254, 254, 254, 254, 254),
	(255, 120, 1, 25230, 335449606078, 255, 255, 255, 255, 255, 255),
	(256, 120, 1, 25190, 335449606094, 256, 256, 256, 256, 256, 256),
	(257, 120, 1, 25390, 335449606102, 257, 257, 257, 257, 257, 257),
	(258, 120, 1, 25230, 335449606151, 258, 258, 258, 258, 258, 258),
	(259, 120, 1, 25220, 335449606169, 259, 259, 259, 259, 259, 259),
	(260, 120, 1, 25140, 335449606201, 260, 260, 260, 260, 260, 260),
	(261, 120, 1, 25040, 335449606268, 261, 261, 261, 261, 261, 261),
	(262, 120, 1, 25020, 335449606300, 262, 262, 262, 262, 262, 262),
	(263, 120, 1, 25120, 335449606342, 263, 263, 263, 263, 263, 263),
	(264, 120, 1, 25160, 335449606359, 264, 264, 264, 264, 264, 264),
	(265, 120, 1, 25140, 335449606391, 265, 265, 265, 265, 265, 265),
	(266, 120, 1, 25125, 335449606417, 266, 266, 266, 266, 266, 266),
	(267, 120, 1, 25210, 335449606433, 267, 267, 267, 267, 267, 267),
	(268, 120, 1, 25110, 335449606508, 268, 268, 268, 268, 268, 268),
	(269, 120, 1, 24875, 335449606524, 269, 269, 269, 269, 269, 269),
	(270, 120, 1, 25030, 335449606557, 270, 270, 270, 270, 270, 270),
	(271, 120, 1, 25250, 335449606615, 271, 271, 271, 271, 271, 271),
	(272, 120, 1, 25170, 335449606649, 272, 272, 272, 272, 272, 272),
	(273, 120, 1, 25190, 335449606656, 273, 273, 273, 273, 273, 273),
	(274, 120, 1, 25030, 335449606664, 274, 274, 274, 274, 274, 274),
	(275, 120, 1, 25200, 335449606680, 275, 275, 275, 275, 275, 275),
	(276, 120, 1, 25020, 335449606706, 276, 276, 276, 276, 276, 276),
	(277, 120, 1, 25325, 335449606748, 277, 277, 277, 277, 277, 277),
	(278, 120, 1, 25180, 335449606847, 278, 278, 278, 278, 278, 278),
	(279, 120, 1, 25170, 335449606854, 279, 279, 279, 279, 279, 279),
	(280, 120, 1, 25365, 335449606862, 280, 280, 280, 280, 280, 280),
	(281, 120, 1, 25080, 335449606888, 281, 281, 281, 281, 281, 281),
	(282, 120, 1, 25130, 335449606896, 282, 282, 282, 282, 282, 282),
	(283, 120, 1, 25040, 335449606912, 283, 283, 283, 283, 283, 283),
	(284, 120, 1, 25050, 335449606920, 284, 284, 284, 284, 284, 284),
	(285, 120, 1, 25340, 335449606953, 285, 285, 285, 285, 285, 285),
	(286, 120, 1, 25090, 335449606979, 286, 286, 286, 286, 286, 286),
	(287, 120, 1, 25160, 335449607019, 287, 287, 287, 287, 287, 287),
	(288, 120, 1, 25210, 335449607027, 288, 288, 288, 288, 288, 288),
	(289, 120, 1, 25080, 335449607035, 289, 289, 289, 289, 289, 289),
	(290, 120, 1, 25210, 335449607043, 290, 290, 290, 290, 290, 290),
	(291, 120, 1, 25160, 335449607076, 291, 291, 291, 291, 291, 291),
	(292, 120, 1, 25330, 335449607092, 292, 292, 292, 292, 292, 292),
	(293, 120, 1, 25290, 335449607126, 293, 293, 293, 293, 293, 293),
	(294, 120, 1, 25030, 335449607134, 294, 294, 294, 294, 294, 294),
	(295, 120, 1, 25330, 335449607159, 295, 295, 295, 295, 295, 295),
	(296, 120, 1, 25390, 335449607175, 296, 296, 296, 296, 296, 296),
	(297, 120, 1, 25400, 335449607209, 297, 297, 297, 297, 297, 297),
	(298, 120, 1, 25265, 335449607217, 298, 298, 298, 298, 298, 298),
	(299, 120, 1, 25040, 335449607225, 299, 299, 299, 299, 299, 299),
	(300, 120, 1, 25210, 335449607241, 300, 300, 300, 300, 300, 300),
	(301, 120, 1, 25100, 335449607258, 301, 301, 301, 301, 301, 301),
	(302, 120, 1, 25020, 335449607274, 302, 302, 302, 302, 302, 302),
	(303, 120, 1, 25010, 335449607316, 303, 303, 303, 303, 303, 303),
	(304, 120, 1, 25030, 335449607324, 304, 304, 304, 304, 304, 304),
	(305, 120, 1, 25030, 335449607332, 305, 305, 305, 305, 305, 305),
	(306, 120, 1, 25250, 335449607357, 306, 306, 306, 306, 306, 306),
	(307, 120, 1, 25030, 335449607373, 307, 307, 307, 307, 307, 307),
	(308, 120, 1, 25150, 335449607381, 308, 308, 308, 308, 308, 308),
	(309, 120, 1, 25140, 335449607399, 309, 309, 309, 309, 309, 309),
	(310, 120, 1, 25120, 335449607407, 310, 310, 310, 310, 310, 310),
	(311, 120, 1, 25000, 335449607415, 311, 311, 311, 311, 311, 311),
	(312, 120, 1, 25050, 335449607464, 312, 312, 312, 312, 312, 312),
	(313, 120, 1, 25070, 335449607480, 313, 313, 313, 313, 313, 313),
	(314, 120, 1, 25120, 335449607498, 314, 314, 314, 314, 314, 314),
	(315, 120, 1, 25020, 335449607506, 315, 315, 315, 315, 315, 315),
	(316, 120, 1, 25040, 335449607514, 316, 316, 316, 316, 316, 316),
	(317, 120, 1, 25060, 335449607522, 317, 317, 317, 317, 317, 317),
	(318, 120, 1, 25200, 335449607555, 318, 318, 318, 318, 318, 318),
	(319, 120, 1, 25270, 335449607563, 319, 319, 319, 319, 319, 319),
	(320, 120, 1, 25265, 335449607589, 320, 320, 320, 320, 320, 320),
	(321, 120, 1, 25050, 335449607597, 321, 321, 321, 321, 321, 321),
	(322, 120, 1, 25120, 335449607621, 322, 322, 322, 322, 322, 322),
	(323, 120, 1, 25050, 335449607647, 323, 323, 323, 323, 323, 323),
	(324, 120, 1, 25040, 335449607688, 324, 324, 324, 324, 324, 324),
	(325, 120, 1, 25050, 335449607696, 325, 325, 325, 325, 325, 325),
	(326, 120, 1, 25150, 335449607704, 326, 326, 326, 326, 326, 326),
	(327, 120, 1, 25160, 335449607738, 327, 327, 327, 327, 327, 327),
	(328, 120, 1, 25060, 335449607753, 328, 328, 328, 328, 328, 328),
	(329, 120, 1, 25010, 335449607779, 329, 329, 329, 329, 329, 329),
	(330, 120, 1, 25170, 335449607811, 330, 330, 330, 330, 330, 330),
	(331, 120, 1, 25000, 335449607845, 331, 331, 331, 331, 331, 331),
	(332, 120, 1, 25040, 335449607860, 332, 332, 332, 332, 332, 332),
	(333, 120, 1, 25030, 335449607902, 333, 333, 333, 333, 333, 333),
	(334, 120, 1, 25080, 335449607910, 334, 334, 334, 334, 334, 334),
	(335, 120, 1, 25250, 335449607951, 335, 335, 335, 335, 335, 335),
	(336, 120, 1, 25020, 335449607977, 336, 336, 336, 336, 336, 336),
	(337, 120, 1, 25010, 335449607993, 337, 337, 337, 337, 337, 337),
	(338, 120, 1, 24310, 335449608009, 338, 338, 338, 338, 338, 338),
	(339, 120, 1, 24390, 335449608017, 339, 339, 339, 339, 339, 339),
	(340, 120, 1, 24360, 335449608025, 340, 340, 340, 340, 340, 340),
	(341, 120, 1, 24340, 335449608033, 341, 341, 341, 341, 341, 341),
	(342, 120, 1, 24380, 335449608058, 342, 342, 342, 342, 342, 342),
	(343, 120, 1, 24260, 335449608074, 343, 343, 343, 343, 343, 343),
	(344, 120, 1, 24370, 335449608116, 344, 344, 344, 344, 344, 344),
	(345, 120, 1, 24270, 335449608124, 345, 345, 345, 345, 345, 345),
	(346, 120, 1, 24330, 335449608173, 346, 346, 346, 346, 346, 346),
	(347, 120, 1, 24260, 335449608199, 347, 347, 347, 347, 347, 347),
	(348, 120, 1, 24270, 335449608249, 348, 348, 348, 348, 348, 348),
	(349, 120, 1, 24140, 335449608280, 349, 349, 349, 349, 349, 349),
	(350, 120, 1, 24190, 335449608348, 350, 350, 350, 350, 350, 350),
	(351, 120, 1, 24200, 335449608397, 351, 351, 351, 351, 351, 351),
	(352, 120, 1, 24470, 335449608439, 352, 352, 352, 352, 352, 352),
	(353, 120, 1, 24305, 335449608462, 353, 353, 353, 353, 353, 353),
	(354, 120, 1, 24390, 335449608488, 354, 354, 354, 354, 354, 354),
	(355, 120, 1, 24100, 335449608496, 355, 355, 355, 355, 355, 355),
	(356, 120, 1, 24100, 335449608546, 356, 356, 356, 356, 356, 356),
	(357, 120, 1, 24220, 335449608595, 357, 357, 357, 357, 357, 357),
	(358, 120, 1, 24060, 335449608603, 358, 358, 358, 358, 358, 358),
	(359, 120, 1, 24040, 335449608629, 359, 359, 359, 359, 359, 359),
	(360, 120, 1, 24530, 335449608637, 360, 360, 360, 360, 360, 360),
	(361, 120, 1, 24450, 335449608645, 361, 361, 361, 361, 361, 361),
	(362, 120, 1, 24090, 335449608652, 362, 362, 362, 362, 362, 362),
	(363, 120, 1, 24180, 335449608710, 363, 363, 363, 363, 363, 363),
	(364, 120, 1, 24320, 335449608736, 364, 364, 364, 364, 364, 364),
	(365, 120, 1, 24270, 335449608769, 365, 365, 365, 365, 365, 365),
	(366, 120, 1, 24240, 335449608777, 366, 366, 366, 366, 366, 366),
	(367, 120, 1, 24200, 335449608835, 367, 367, 367, 367, 367, 367),
	(368, 120, 1, 24090, 335449608843, 368, 368, 368, 368, 368, 368),
	(369, 120, 1, 24180, 335449608850, 369, 369, 369, 369, 369, 369),
	(370, 120, 1, 24090, 335449608876, 370, 370, 370, 370, 370, 370),
	(371, 120, 1, 24530, 335449608900, 371, 371, 371, 371, 371, 371),
	(372, 120, 1, 24280, 335449608926, 372, 372, 372, 372, 372, 372),
	(373, 120, 1, 24200, 335449608942, 373, 373, 373, 373, 373, 373),
	(374, 120, 1, 24470, 335449609015, 374, 374, 374, 374, 374, 374),
	(375, 120, 1, 24350, 335449609031, 375, 375, 375, 375, 375, 375),
	(376, 120, 1, 24170, 335449609056, 376, 376, 376, 376, 376, 376),
	(377, 120, 1, 24260, 335449609064, 377, 377, 377, 377, 377, 377),
	(378, 120, 1, 24420, 335449609122, 378, 378, 378, 378, 378, 378),
	(379, 120, 1, 24370, 335449609171, 379, 379, 379, 379, 379, 379),
	(380, 120, 1, 24370, 335449609213, 380, 380, 380, 380, 380, 380),
	(381, 120, 1, 24270, 335449609221, 381, 381, 381, 381, 381, 381),
	(382, 120, 1, 24370, 335449609270, 382, 382, 382, 382, 382, 382),
	(383, 120, 1, 24370, 335449609296, 383, 383, 383, 383, 383, 383),
	(384, 120, 1, 24330, 335449609320, 384, 384, 384, 384, 384, 384),
	(385, 120, 1, 24370, 335449609411, 385, 385, 385, 385, 385, 385),
	(386, 120, 1, 24320, 335449609445, 386, 386, 386, 386, 386, 386),
	(387, 120, 1, 24440, 335449609510, 387, 387, 387, 387, 387, 387),
	(388, 120, 1, 24270, 335449609577, 388, 388, 388, 388, 388, 388),
	(389, 120, 1, 24310, 335449609585, 389, 389, 389, 389, 389, 389),
	(390, 120, 1, 24330, 335449609601, 390, 390, 390, 390, 390, 390),
	(391, 120, 1, 24250, 335449609619, 391, 391, 391, 391, 391, 391),
	(392, 120, 1, 24320, 335449609692, 392, 392, 392, 392, 392, 392),
	(393, 120, 1, 24350, 335449609718, 393, 393, 393, 393, 393, 393),
	(394, 120, 1, 24230, 335449609734, 394, 394, 394, 394, 394, 394),
	(395, 120, 1, 24180, 335449609742, 395, 395, 395, 395, 395, 395),
	(396, 120, 1, 24435, 335449609759, 396, 396, 396, 396, 396, 396),
	(397, 120, 1, 24230, 335449609841, 397, 397, 397, 397, 397, 397),
	(398, 120, 1, 24240, 335449609874, 398, 398, 398, 398, 398, 398),
	(399, 120, 1, 24620, 335449609890, 399, 399, 399, 399, 399, 399),
	(400, 120, 1, 24540, 335449609908, 400, 400, 400, 400, 400, 400),
	(401, 120, 1, 24440, 335449609932, 401, 401, 401, 401, 401, 401),
	(402, 120, 1, 24405, 335449609940, 402, 402, 402, 402, 402, 402),
	(403, 120, 1, 24705, 335449753235, 403, 403, 403, 403, 403, 403),
	(404, 120, 1, 24345, 335449753243, 404, 404, 404, 404, 404, 404),
	(405, 120, 1, 24430, 335449753250, 405, 405, 405, 405, 405, 405),
	(406, 120, 1, 24290, 335449753268, 406, 406, 406, 406, 406, 406),
	(407, 120, 1, 24620, 335449753326, 407, 407, 407, 407, 407, 407),
	(408, 120, 1, 24220, 335449753359, 408, 408, 408, 408, 408, 408),
	(409, 120, 1, 24400, 335449753367, 409, 409, 409, 409, 409, 409),
	(410, 120, 1, 24100, 335449753441, 410, 410, 410, 410, 410, 410),
	(411, 120, 1, 24620, 335449753516, 411, 411, 411, 411, 411, 411),
	(412, 120, 1, 24040, 335449753532, 412, 412, 412, 412, 412, 412),
	(413, 120, 1, 24340, 335449753557, 413, 413, 413, 413, 413, 413),
	(414, 120, 1, 24165, 335449753581, 414, 414, 414, 414, 414, 414),
	(415, 120, 1, 24605, 335449753599, 415, 415, 415, 415, 415, 415),
	(416, 120, 1, 24070, 335449753623, 416, 416, 416, 416, 416, 416),
	(417, 120, 1, 24400, 335449753698, 417, 417, 417, 417, 417, 417),
	(418, 120, 1, 24220, 335449753706, 418, 418, 418, 418, 418, 418),
	(419, 120, 1, 24030, 335449753730, 419, 419, 419, 419, 419, 419),
	(420, 120, 1, 24470, 335449753748, 420, 420, 420, 420, 420, 420),
	(421, 120, 1, 24105, 335449753805, 421, 421, 421, 421, 421, 421),
	(422, 0, 1, 20820, 335453321655, 422, 422, 422, 422, 422, 422),
	(423, 0, 1, 20300, 335453321952, 423, 423, 423, 423, 423, 423),
	(424, 0, 1, 24260, 335453777153, 424, 424, 424, 424, 424, 424),
	(425, 100, 1, 24400, 335453777161, 425, 425, 425, 425, 425, 425),
	(426, 100, 1, 25150, 335453777443, 426, 426, 426, 426, 426, 426),
	(427, 100, 1, 24380, 335453777781, 427, 427, 427, 427, 427, 427),
	(428, 100, 1, 24200, 335453778052, 428, 428, 428, 428, 428, 428),
	(429, 100, 1, 24500, 335453778383, 429, 429, 429, 429, 429, 429),
	(430, 100, 1, 23750, 335459480018, 430, 430, 430, 430, 430, 430),
	(431, 100, 1, 23650, 335459480034, 431, 431, 431, 431, 431, 431),
	(432, 100, 1, 21600, 335459547980, 432, 432, 432, 432, 432, 432),
	(433, 120, 1, 22050, 335459619920, 433, 433, 433, 433, 433, 433),
	(434, 0, 1, 22150, 335459621355, 434, 434, 434, 434, 434, 434),
	(435, 120, 1, 24900, 335466340015, 435, 435, 435, 435, 435, 435),
	(436, 100, 1, 23670, 335466500006, 436, 436, 436, 436, 436, 436),
	(437, 100, 1, 23250, 335466500113, 437, 437, 437, 437, 437, 437),
	(438, 100, 1, 22890, 335466500121, 438, 438, 438, 438, 438, 438),
	(439, 100, 1, 23630, 335466500170, 439, 439, 439, 439, 439, 439),
	(440, 100, 1, 22690, 335466500188, 440, 440, 440, 440, 440, 440),
	(441, 100, 1, 23760, 335466500204, 441, 441, 441, 441, 441, 441),
	(442, 100, 1, 23740, 335466500253, 442, 442, 442, 442, 442, 442),
	(443, 100, 1, 23100, 335466500261, 443, 443, 443, 443, 443, 443),
	(444, 100, 1, 23100, 335466500287, 444, 444, 444, 444, 444, 444),
	(445, 100, 1, 23650, 335466500303, 445, 445, 445, 445, 445, 445),
	(446, 100, 1, 22850, 335466500329, 446, 446, 446, 446, 446, 446),
	(447, 100, 1, 23570, 335466500345, 447, 447, 447, 447, 447, 447),
	(448, 100, 1, 23650, 335466500360, 448, 448, 448, 448, 448, 448),
	(449, 100, 1, 22840, 335466500386, 449, 449, 449, 449, 449, 449),
	(450, 100, 1, 22850, 335466500410, 450, 450, 450, 450, 450, 450),
	(451, 100, 1, 22800, 335466500444, 451, 451, 451, 451, 451, 451),
	(452, 100, 1, 23320, 335466500477, 452, 452, 452, 452, 452, 452),
	(453, 100, 1, 23880, 335466500485, 453, 453, 453, 453, 453, 453),
	(454, 100, 1, 22800, 335466500493, 454, 454, 454, 454, 454, 454),
	(455, 100, 1, 23940, 335466500501, 455, 455, 455, 455, 455, 455),
	(456, 100, 1, 22840, 335466500519, 456, 456, 456, 456, 456, 456),
	(457, 100, 1, 22770, 335466500527, 457, 457, 457, 457, 457, 457),
	(458, 100, 1, 23020, 335466500626, 458, 458, 458, 458, 458, 458),
	(459, 100, 1, 23700, 335466500659, 459, 459, 459, 459, 459, 459),
	(460, 100, 1, 22840, 335466500667, 460, 460, 460, 460, 460, 460),
	(461, 100, 1, 22770, 335466500675, 461, 461, 461, 461, 461, 461),
	(462, 100, 1, 22600, 335466500683, 462, 462, 462, 462, 462, 462),
	(463, 100, 1, 22800, 335466500709, 463, 463, 463, 463, 463, 463),
	(464, 100, 1, 22980, 335466500717, 464, 464, 464, 464, 464, 464),
	(465, 100, 1, 22580, 335466500725, 465, 465, 465, 465, 465, 465),
	(466, 120, 1, 22850, 335466500741, 466, 466, 466, 466, 466, 466),
	(467, 100, 1, 23700, 335466500758, 467, 467, 467, 467, 467, 467),
	(468, 120, 1, 23650, 335466500766, 468, 468, 468, 468, 468, 468),
	(469, 100, 1, 22740, 335466500774, 469, 469, 469, 469, 469, 469),
	(470, 100, 1, 23800, 335466500808, 470, 470, 470, 470, 470, 470),
	(471, 100, 1, 23040, 335466500816, 471, 471, 471, 471, 471, 471),
	(472, 100, 1, 22730, 335466500824, 472, 472, 472, 472, 472, 472),
	(473, 100, 1, 23630, 335466500840, 473, 473, 473, 473, 473, 473),
	(474, 100, 1, 23100, 335466500857, 474, 474, 474, 474, 474, 474),
	(475, 100, 1, 23570, 335466500865, 475, 475, 475, 475, 475, 475),
	(476, 100, 1, 23750, 335466500881, 476, 476, 476, 476, 476, 476),
	(477, 100, 1, 23100, 335466500915, 477, 477, 477, 477, 477, 477),
	(478, 100, 1, 22660, 335466500923, 478, 478, 478, 478, 478, 478),
	(479, 100, 1, 22660, 335466500931, 479, 479, 479, 479, 479, 479),
	(480, 100, 1, 23800, 335466500998, 480, 480, 480, 480, 480, 480),
	(481, 100, 1, 23850, 335466501038, 481, 481, 481, 481, 481, 481),
	(482, 100, 1, 23180, 335466501053, 482, 482, 482, 482, 482, 482),
	(483, 100, 1, 23150, 335466501087, 483, 483, 483, 483, 483, 483),
	(484, 100, 1, 23100, 335466501103, 484, 484, 484, 484, 484, 484),
	(485, 100, 1, 23100, 335466501111, 485, 485, 485, 485, 485, 485),
	(486, 100, 1, 23980, 335466501137, 486, 486, 486, 486, 486, 486),
	(487, 100, 1, 23870, 335466501145, 487, 487, 487, 487, 487, 487),
	(488, 100, 1, 23190, 335466501178, 488, 488, 488, 488, 488, 488),
	(489, 100, 1, 23310, 335466501186, 489, 489, 489, 489, 489, 489),
	(490, 100, 1, 23180, 335466501236, 490, 490, 490, 490, 490, 490),
	(491, 100, 1, 23120, 335466501269, 491, 491, 491, 491, 491, 491),
	(492, 100, 1, 23700, 335466501301, 492, 492, 492, 492, 492, 492),
	(493, 100, 1, 23070, 335466501319, 493, 493, 493, 493, 493, 493),
	(494, 120, 1, 23820, 335466501343, 494, 494, 494, 494, 494, 494),
	(495, 100, 1, 23710, 335466501350, 495, 495, 495, 495, 495, 495),
	(496, 100, 1, 23200, 335466501392, 496, 496, 496, 496, 496, 496),
	(497, 100, 1, 22590, 335466501624, 497, 497, 497, 497, 497, 497),
	(498, 100, 1, 23180, 335466501640, 498, 498, 498, 498, 498, 498),
	(499, 100, 1, 23050, 335466501665, 499, 499, 499, 499, 499, 499),
	(500, 100, 1, 23160, 335466501673, 500, 500, 500, 500, 500, 500),
	(501, 100, 1, 22730, 335466501723, 501, 501, 501, 501, 501, 501),
	(502, 100, 1, 22940, 335466501731, 502, 502, 502, 502, 502, 502),
	(503, 100, 1, 22330, 335466501798, 503, 503, 503, 503, 503, 503),
	(504, 100, 1, 22480, 335466501814, 504, 504, 504, 504, 504, 504),
	(505, 100, 1, 22650, 335466501822, 505, 505, 505, 505, 505, 505),
	(506, 100, 1, 22720, 335466501830, 506, 506, 506, 506, 506, 506),
	(507, 100, 1, 22440, 335466501848, 507, 507, 507, 507, 507, 507),
	(508, 100, 1, 23070, 335466501863, 508, 508, 508, 508, 508, 508),
	(509, 100, 1, 22440, 335466501871, 509, 509, 509, 509, 509, 509),
	(510, 100, 1, 22600, 335466501889, 510, 510, 510, 510, 510, 510),
	(511, 100, 1, 22440, 335466501905, 511, 511, 511, 511, 511, 511),
	(512, 100, 1, 22720, 335466501913, 512, 512, 512, 512, 512, 512),
	(513, 100, 1, 23210, 335466501921, 513, 513, 513, 513, 513, 513),
	(514, 100, 1, 23430, 335466501939, 514, 514, 514, 514, 514, 514),
	(515, 100, 1, 22500, 335466501954, 515, 515, 515, 515, 515, 515),
	(516, 100, 1, 22750, 335466501970, 516, 516, 516, 516, 516, 516),
	(517, 100, 1, 22640, 335466501988, 517, 517, 517, 517, 517, 517),
	(518, 100, 1, 23390, 335466502002, 518, 518, 518, 518, 518, 518),
	(519, 120, 1, 22910, 335466502010, 519, 519, 519, 519, 519, 519),
	(520, 100, 1, 22600, 335466502028, 520, 520, 520, 520, 520, 520),
	(521, 100, 1, 22750, 335466502036, 521, 521, 521, 521, 521, 521),
	(522, 100, 1, 22900, 335466502044, 522, 522, 522, 522, 522, 522),
	(523, 100, 1, 22350, 335466502051, 523, 523, 523, 523, 523, 523),
	(524, 100, 1, 22400, 335466502069, 524, 524, 524, 524, 524, 524),
	(525, 100, 1, 23290, 335466502077, 525, 525, 525, 525, 525, 525),
	(526, 100, 1, 22520, 335466502093, 526, 526, 526, 526, 526, 526),
	(527, 120, 1, 22500, 335466502101, 527, 527, 527, 527, 527, 527),
	(528, 100, 1, 22800, 335466502119, 528, 528, 528, 528, 528, 528),
	(529, 100, 1, 22790, 335466502127, 529, 529, 529, 529, 529, 529),
	(530, 100, 1, 23010, 335466502135, 530, 530, 530, 530, 530, 530),
	(531, 100, 1, 22400, 335466502143, 531, 531, 531, 531, 531, 531),
	(532, 100, 1, 23580, 335466502176, 532, 532, 532, 532, 532, 532),
	(533, 100, 1, 23000, 335466502184, 533, 533, 533, 533, 533, 533),
	(534, 100, 1, 23170, 335466502192, 534, 534, 534, 534, 534, 534),
	(535, 100, 1, 23000, 335466502200, 535, 535, 535, 535, 535, 535),
	(536, 100, 1, 23330, 335466502218, 536, 536, 536, 536, 536, 536),
	(537, 120, 1, 23000, 335466502234, 537, 537, 537, 537, 537, 537),
	(538, 100, 1, 24150, 335466502242, 538, 538, 538, 538, 538, 538),
	(539, 100, 1, 23020, 335466502259, 539, 539, 539, 539, 539, 539),
	(540, 100, 1, 23070, 335466502275, 540, 540, 540, 540, 540, 540),
	(541, 100, 1, 23540, 335466502283, 541, 541, 541, 541, 541, 541),
	(542, 100, 1, 23910, 335466502291, 542, 542, 542, 542, 542, 542),
	(543, 100, 1, 23000, 335466502309, 543, 543, 543, 543, 543, 543),
	(544, 100, 1, 22750, 335466502317, 544, 544, 544, 544, 544, 544),
	(545, 100, 1, 23350, 335466502333, 545, 545, 545, 545, 545, 545),
	(546, 100, 1, 22790, 335466502358, 546, 546, 546, 546, 546, 546),
	(547, 100, 1, 22580, 335466502374, 547, 547, 547, 547, 547, 547),
	(548, 100, 1, 23200, 335466502390, 548, 548, 548, 548, 548, 548),
	(549, 100, 1, 22780, 335466502408, 549, 549, 549, 549, 549, 549),
	(550, 100, 1, 22920, 335466502416, 550, 550, 550, 550, 550, 550),
	(551, 100, 1, 23330, 335466502424, 551, 551, 551, 551, 551, 551),
	(552, 100, 1, 22600, 335466502432, 552, 552, 552, 552, 552, 552),
	(553, 100, 1, 23130, 335466502457, 553, 553, 553, 553, 553, 553),
	(554, 100, 1, 23240, 335466502465, 554, 554, 554, 554, 554, 554),
	(555, 100, 1, 22640, 335466502515, 555, 555, 555, 555, 555, 555),
	(556, 120, 1, 23400, 335466502523, 556, 556, 556, 556, 556, 556),
	(557, 100, 1, 22600, 335466502556, 557, 557, 557, 557, 557, 557),
	(558, 100, 1, 22500, 335466502572, 558, 558, 558, 558, 558, 558),
	(559, 100, 1, 23010, 335466502598, 559, 559, 559, 559, 559, 559),
	(560, 120, 1, 22950, 335466502606, 560, 560, 560, 560, 560, 560),
	(561, 100, 1, 22900, 335466502614, 561, 561, 561, 561, 561, 561),
	(562, 100, 1, 22740, 335466502630, 562, 562, 562, 562, 562, 562),
	(563, 100, 1, 22200, 335466502648, 563, 563, 563, 563, 563, 563),
	(564, 100, 1, 23920, 335466502655, 564, 564, 564, 564, 564, 564),
	(565, 100, 1, 23070, 335466502663, 565, 565, 565, 565, 565, 565),
	(566, 100, 1, 23160, 335466502671, 566, 566, 566, 566, 566, 566),
	(567, 100, 1, 22880, 335466502689, 567, 567, 567, 567, 567, 567),
	(568, 100, 1, 23520, 335466502697, 568, 568, 568, 568, 568, 568),
	(569, 100, 1, 23040, 335466502713, 569, 569, 569, 569, 569, 569),
	(570, 100, 1, 23440, 335466502754, 570, 570, 570, 570, 570, 570),
	(571, 100, 1, 22600, 335466502762, 571, 571, 571, 571, 571, 571),
	(572, 100, 1, 23010, 335466502770, 572, 572, 572, 572, 572, 572),
	(573, 100, 1, 22730, 335466502804, 573, 573, 573, 573, 573, 573),
	(574, 100, 1, 23290, 335466502820, 574, 574, 574, 574, 574, 574),
	(575, 100, 1, 22840, 335466502838, 575, 575, 575, 575, 575, 575),
	(576, 100, 1, 23680, 335466502846, 576, 576, 576, 576, 576, 576),
	(577, 100, 1, 23160, 335466502853, 577, 577, 577, 577, 577, 577),
	(578, 100, 1, 23350, 335466502861, 578, 578, 578, 578, 578, 578),
	(579, 100, 1, 22730, 335466502887, 579, 579, 579, 579, 579, 579),
	(580, 100, 1, 23190, 335466502895, 580, 580, 580, 580, 580, 580),
	(581, 100, 1, 23020, 335466502903, 581, 581, 581, 581, 581, 581),
	(582, 100, 1, 22640, 335466502911, 582, 582, 582, 582, 582, 582),
	(583, 100, 1, 23080, 335466502937, 583, 583, 583, 583, 583, 583),
	(584, 120, 1, 23590, 335466502945, 584, 584, 584, 584, 584, 584),
	(585, 100, 1, 23100, 335466502952, 585, 585, 585, 585, 585, 585),
	(586, 100, 1, 23800, 335466502960, 586, 586, 586, 586, 586, 586),
	(587, 100, 1, 23060, 335466502978, 587, 587, 587, 587, 587, 587),
	(588, 100, 1, 22810, 335466503000, 588, 588, 588, 588, 588, 588),
	(589, 120, 1, 23000, 335466503018, 589, 589, 589, 589, 589, 589),
	(590, 100, 1, 22800, 335466503034, 590, 590, 590, 590, 590, 590),
	(591, 100, 1, 22690, 335466503075, 591, 591, 591, 591, 591, 591),
	(592, 100, 1, 23320, 335466503083, 592, 592, 592, 592, 592, 592),
	(593, 100, 1, 23220, 335466503091, 593, 593, 593, 593, 593, 593),
	(594, 100, 1, 22520, 335466503109, 594, 594, 594, 594, 594, 594),
	(595, 100, 1, 22940, 335466503117, 595, 595, 595, 595, 595, 595),
	(596, 100, 1, 23690, 335466503125, 596, 596, 596, 596, 596, 596),
	(597, 100, 1, 23450, 335466503166, 597, 597, 597, 597, 597, 597),
	(598, 100, 1, 22890, 335466503208, 598, 598, 598, 598, 598, 598),
	(599, 100, 1, 22700, 335466503216, 599, 599, 599, 599, 599, 599),
	(600, 100, 1, 22690, 335466503224, 600, 600, 600, 600, 600, 600),
	(601, 100, 1, 22660, 335466503232, 601, 601, 601, 601, 601, 601),
	(602, 100, 1, 22840, 335466503240, 602, 602, 602, 602, 602, 602),
	(603, 100, 1, 22750, 335466503257, 603, 603, 603, 603, 603, 603),
	(604, 100, 1, 22690, 335466503281, 604, 604, 604, 604, 604, 604),
	(605, 120, 1, 23350, 335466503299, 605, 605, 605, 605, 605, 605),
	(606, 100, 1, 22400, 335466503315, 606, 606, 606, 606, 606, 606),
	(607, 100, 1, 23000, 335466503323, 607, 607, 607, 607, 607, 607),
	(608, 100, 1, 22560, 335466503349, 608, 608, 608, 608, 608, 608),
	(609, 100, 1, 22450, 335466503356, 609, 609, 609, 609, 609, 609),
	(610, 100, 1, 23080, 335466503364, 610, 610, 610, 610, 610, 610),
	(611, 100, 1, 22640, 335466503372, 611, 611, 611, 611, 611, 611),
	(612, 100, 1, 22500, 335466503380, 612, 612, 612, 612, 612, 612),
	(613, 100, 1, 23210, 335466503422, 613, 613, 613, 613, 613, 613),
	(614, 100, 1, 22780, 335466503448, 614, 614, 614, 614, 614, 614),
	(615, 100, 1, 22180, 335466503455, 615, 615, 615, 615, 615, 615),
	(616, 100, 1, 23000, 335466503471, 616, 616, 616, 616, 616, 616),
	(617, 100, 1, 22360, 335466503497, 617, 617, 617, 617, 617, 617),
	(618, 100, 1, 22870, 335466503505, 618, 618, 618, 618, 618, 618),
	(619, 100, 1, 22210, 335466503513, 619, 619, 619, 619, 619, 619),
	(620, 100, 1, 22930, 335466503521, 620, 620, 620, 620, 620, 620),
	(621, 100, 1, 22550, 335466503539, 621, 621, 621, 621, 621, 621),
	(622, 100, 1, 23670, 335466503554, 622, 622, 622, 622, 622, 622),
	(623, 100, 1, 22920, 335466503570, 623, 623, 623, 623, 623, 623),
	(624, 100, 1, 22770, 335466503604, 624, 624, 624, 624, 624, 624),
	(625, 100, 1, 23560, 335466503612, 625, 625, 625, 625, 625, 625),
	(626, 100, 1, 22580, 335466503620, 626, 626, 626, 626, 626, 626),
	(627, 100, 1, 22990, 335466503638, 627, 627, 627, 627, 627, 627),
	(628, 100, 1, 22880, 335466503653, 628, 628, 628, 628, 628, 628),
	(629, 100, 1, 22760, 335466503679, 629, 629, 629, 629, 629, 629),
	(630, 100, 1, 22700, 335466503711, 630, 630, 630, 630, 630, 630),
	(631, 100, 1, 23360, 335466503729, 631, 631, 631, 631, 631, 631),
	(632, 100, 1, 22450, 335466503737, 632, 632, 632, 632, 632, 632),
	(633, 100, 1, 22960, 335466503745, 633, 633, 633, 633, 633, 633),
	(634, 100, 1, 23260, 335466503752, 634, 634, 634, 634, 634, 634),
	(635, 100, 1, 22520, 335466503760, 635, 635, 635, 635, 635, 635),
	(636, 100, 1, 22550, 335466503778, 636, 636, 636, 636, 636, 636),
	(637, 100, 1, 22800, 335466503786, 637, 637, 637, 637, 637, 637),
	(638, 100, 1, 22260, 335466503810, 638, 638, 638, 638, 638, 638),
	(639, 100, 1, 22610, 335466503828, 639, 639, 639, 639, 639, 639),
	(640, 100, 1, 22670, 335466503844, 640, 640, 640, 640, 640, 640),
	(641, 100, 1, 22310, 335466503851, 641, 641, 641, 641, 641, 641),
	(642, 100, 1, 22840, 335466503877, 642, 642, 642, 642, 642, 642),
	(643, 100, 1, 22770, 335466503901, 643, 643, 643, 643, 643, 643),
	(644, 100, 1, 22470, 335466503927, 644, 644, 644, 644, 644, 644),
	(645, 100, 1, 23390, 335466503935, 645, 645, 645, 645, 645, 645),
	(646, 100, 1, 22300, 335466503943, 646, 646, 646, 646, 646, 646),
	(647, 100, 1, 22400, 335466503950, 647, 647, 647, 647, 647, 647),
	(648, 100, 1, 21850, 335466503968, 648, 648, 648, 648, 648, 648),
	(649, 100, 1, 22730, 335466503976, 649, 649, 649, 649, 649, 649),
	(650, 100, 1, 23010, 335466503984, 650, 650, 650, 650, 650, 650),
	(651, 100, 1, 22740, 335466504032, 651, 651, 651, 651, 651, 651),
	(652, 120, 1, 22500, 335466504057, 652, 652, 652, 652, 652, 652),
	(653, 100, 1, 23230, 335466504065, 653, 653, 653, 653, 653, 653),
	(654, 120, 1, 22900, 335466504073, 654, 654, 654, 654, 654, 654),
	(655, 100, 1, 23150, 335466504081, 655, 655, 655, 655, 655, 655),
	(656, 100, 1, 22960, 335466504099, 656, 656, 656, 656, 656, 656),
	(657, 100, 1, 23100, 335466504107, 657, 657, 657, 657, 657, 657),
	(658, 100, 1, 22940, 335466504115, 658, 658, 658, 658, 658, 658),
	(659, 120, 1, 22800, 335466504123, 659, 659, 659, 659, 659, 659),
	(660, 100, 1, 22600, 335466504149, 660, 660, 660, 660, 660, 660),
	(661, 120, 1, 22850, 335466504172, 661, 661, 661, 661, 661, 661),
	(662, 100, 1, 23220, 335466504206, 662, 662, 662, 662, 662, 662),
	(663, 100, 1, 23270, 335466504214, 663, 663, 663, 663, 663, 663),
	(664, 100, 1, 22790, 335466504222, 664, 664, 664, 664, 664, 664),
	(665, 120, 1, 22940, 335466504230, 665, 665, 665, 665, 665, 665),
	(666, 100, 1, 22950, 335466504255, 666, 666, 666, 666, 666, 666),
	(667, 100, 1, 22750, 335466504263, 667, 667, 667, 667, 667, 667),
	(668, 100, 1, 22420, 335466504271, 668, 668, 668, 668, 668, 668),
	(669, 100, 1, 22630, 335466504289, 669, 669, 669, 669, 669, 669),
	(670, 100, 1, 22480, 335466504297, 670, 670, 670, 670, 670, 670),
	(671, 120, 1, 23000, 335466504305, 671, 671, 671, 671, 671, 671),
	(672, 100, 1, 22950, 335466504321, 672, 672, 672, 672, 672, 672),
	(673, 100, 1, 22460, 335466504339, 673, 673, 673, 673, 673, 673),
	(674, 120, 1, 23050, 335466504347, 674, 674, 674, 674, 674, 674),
	(675, 100, 1, 22360, 335466504370, 675, 675, 675, 675, 675, 675),
	(676, 100, 1, 22993, 335466504388, 676, 676, 676, 676, 676, 676),
	(677, 100, 1, 22780, 335466504396, 677, 677, 677, 677, 677, 677),
	(678, 0, 1, 25800, 335466809423, 678, 678, 678, 678, 678, 678),
	(679, 120, 1, 27370, 335466839503, 679, 679, 679, 679, 679, 679),
	(680, 120, 1, 27650, 335466839511, 680, 680, 680, 680, 680, 680),
	(681, 120, 1, 27000, 335466870037, 681, 681, 681, 681, 681, 681),
	(682, 120, 1, 26400, 335466870052, 682, 682, 682, 682, 682, 682),
	(683, 120, 1, 26600, 335466870276, 683, 683, 683, 683, 683, 683),
	(684, 120, 1, 26860, 335466870458, 684, 684, 684, 684, 684, 684),
	(685, 120, 1, 27940, 335466870474, 685, 685, 685, 685, 685, 685),
	(686, 120, 1, 27200, 335466870789, 686, 686, 686, 686, 686, 686),
	(687, 120, 1, 27000, 335466871076, 687, 687, 687, 687, 687, 687),
	(688, 120, 1, 26220, 335466871084, 688, 688, 688, 688, 688, 688),
	(689, 120, 1, 26380, 335466871191, 689, 689, 689, 689, 689, 689),
	(690, 120, 1, 27200, 335466871217, 690, 690, 690, 690, 690, 690),
	(691, 120, 1, 26680, 335466871431, 691, 691, 691, 691, 691, 691),
	(692, 120, 1, 26400, 335466871498, 692, 692, 692, 692, 692, 692),
	(693, 120, 1, 26480, 335466871704, 693, 693, 693, 693, 693, 693),
	(694, 120, 1, 26100, 335466872231, 694, 694, 694, 694, 694, 694),
	(695, 120, 1, 26130, 335466872256, 695, 695, 695, 695, 695, 695),
	(696, 120, 1, 26540, 335466872306, 696, 696, 696, 696, 696, 696),
	(697, 120, 1, 27310, 335466872512, 697, 697, 697, 697, 697, 697),
	(698, 120, 1, 26890, 335466873395, 698, 698, 698, 698, 698, 698),
	(699, 120, 1, 26360, 335466873445, 699, 699, 699, 699, 699, 699),
	(700, 120, 1, 26570, 335469490015, 700, 700, 700, 700, 700, 700),
	(701, 120, 1, 26400, 335469490023, 701, 701, 701, 701, 701, 701),
	(702, 120, 1, 26470, 335469490031, 702, 702, 702, 702, 702, 702),
	(703, 120, 1, 26910, 335469490049, 703, 703, 703, 703, 703, 703),
	(704, 120, 1, 26490, 335469490056, 704, 704, 704, 704, 704, 704),
	(705, 120, 1, 26440, 335469490064, 705, 705, 705, 705, 705, 705),
	(706, 120, 1, 26480, 335469490072, 706, 706, 706, 706, 706, 706),
	(707, 120, 1, 26470, 335469490080, 707, 707, 707, 707, 707, 707),
	(708, 120, 1, 26490, 335469490098, 708, 708, 708, 708, 708, 708),
	(709, 120, 1, 26480, 335469490106, 709, 709, 709, 709, 709, 709),
	(710, 120, 1, 26520, 335469490114, 710, 710, 710, 710, 710, 710),
	(711, 120, 1, 26520, 335469490122, 711, 711, 711, 711, 711, 711),
	(712, 120, 1, 26540, 335469490130, 712, 712, 712, 712, 712, 712),
	(713, 120, 1, 26500, 335469490148, 713, 713, 713, 713, 713, 713),
	(714, 120, 1, 26500, 335469490155, 714, 714, 714, 714, 714, 714),
	(715, 120, 1, 26500, 335469490163, 715, 715, 715, 715, 715, 715),
	(716, 120, 1, 26510, 335469490171, 716, 716, 716, 716, 716, 716),
	(717, 120, 1, 26540, 335469490189, 717, 717, 717, 717, 717, 717),
	(718, 120, 1, 26470, 335469490197, 718, 718, 718, 718, 718, 718),
	(719, 120, 1, 26480, 335469490205, 719, 719, 719, 719, 719, 719),
	(720, 120, 1, 26500, 335469490213, 720, 720, 720, 720, 720, 720),
	(721, 120, 1, 26580, 335469490221, 721, 721, 721, 721, 721, 721),
	(722, 0, 1, 23430, 335475610077, 722, 722, 722, 722, 722, 722),
	(723, 100, 1, 22730, 335478320260, 723, 723, 723, 723, 723, 723),
	(724, 120, 1, 25800, 335478361512, 724, 724, 724, 724, 724, 724),
	(725, 120, 1, 24460, 335478380322, 725, 725, 725, 725, 725, 725),
	(726, 120, 1, 24540, 335478380355, 726, 726, 726, 726, 726, 726),
	(727, 120, 1, 24580, 335478380363, 727, 727, 727, 727, 727, 727),
	(728, 120, 1, 24590, 335478380397, 728, 728, 728, 728, 728, 728),
	(729, 120, 1, 24470, 335478380413, 729, 729, 729, 729, 729, 729),
	(730, 120, 1, 24360, 335478380421, 730, 730, 730, 730, 730, 730),
	(731, 120, 1, 24560, 335478380439, 731, 731, 731, 731, 731, 731),
	(732, 120, 1, 24440, 335478380454, 732, 732, 732, 732, 732, 732),
	(733, 120, 1, 24510, 335478380462, 733, 733, 733, 733, 733, 733),
	(734, 120, 1, 24580, 335478380488, 734, 734, 734, 734, 734, 734),
	(735, 120, 1, 24570, 335478380496, 735, 735, 735, 735, 735, 735),
	(736, 120, 1, 24540, 335478380504, 736, 736, 736, 736, 736, 736),
	(737, 120, 1, 24530, 335478380512, 737, 737, 737, 737, 737, 737),
	(738, 120, 1, 24550, 335478380538, 738, 738, 738, 738, 738, 738),
	(739, 120, 1, 24580, 335478380546, 739, 739, 739, 739, 739, 739),
	(740, 100, 1, 24340, 335478383383, 740, 740, 740, 740, 740, 740),
	(741, 100, 1, 21080, 335478410889, 741, 741, 741, 741, 741, 741),
	(742, 100, 1, 21060, 335478411119, 742, 742, 742, 742, 742, 742),
	(743, 0, 1, 22500, 335478412422, 743, 743, 743, 743, 743, 743),
	(744, 0, 1, 22500, 335478412430, 744, 744, 744, 744, 744, 744),
	(745, 0, 1, 22400, 335478412448, 745, 745, 745, 745, 745, 745),
	(746, 120, 1, 23900, 335478490014, 746, 746, 746, 746, 746, 746),
	(747, 100, 1, 22350, 335478540214, 747, 747, 747, 747, 747, 747),
	(748, 120, 1, 23300, 335478540362, 748, 748, 748, 748, 748, 748),
	(749, 100, 1, 23350, 335478540636, 749, 749, 749, 749, 749, 749),
	(750, 120, 1, 21290, 335478541246, 750, 750, 750, 750, 750, 750),
	(751, 120, 1, 22000, 335478541410, 751, 751, 751, 751, 751, 751),
	(752, 120, 1, 22700, 335478541550, 752, 752, 752, 752, 752, 752),
	(753, 0, 1, 22460, 335478546146, 753, 753, 753, 753, 753, 753),
	(754, 120, 1, 23250, 335478601313, 754, 754, 754, 754, 754, 754),
	(755, 100, 1, 23400, 335478601503, 755, 755, 755, 755, 755, 755),
	(756, 0, 1, 21100, 335478610835, 756, 756, 756, 756, 756, 756),
	(757, 0, 1, 21300, 335478610868, 757, 757, 757, 757, 757, 757),
	(758, 100, 1, 21900, 335478640592, 758, 758, 758, 758, 758, 758),
	(759, 120, 1, 21900, 335478680127, 759, 759, 759, 759, 759, 759),
	(760, 100, 1, 22210, 335478685217, 760, 760, 760, 760, 760, 760),
	(761, 100, 1, 24680, 335478810161, 761, 761, 761, 761, 761, 761),
	(762, 120, 1, 25840, 335478850761, 762, 762, 762, 762, 762, 762),
	(763, 120, 1, 26150, 335478852841, 763, 763, 763, 763, 763, 763),
	(764, 120, 1, 25670, 335478853252, 764, 764, 764, 764, 764, 764),
	(765, 120, 1, 24200, 335478853260, 765, 765, 765, 765, 765, 765),
	(766, 100, 1, 25750, 335478853526, 766, 766, 766, 766, 766, 766),
	(767, 120, 1, 37900, 335479120032, 767, 767, 767, 767, 767, 767),
	(768, 120, 1, 38450, 335479120065, 768, 768, 768, 768, 768, 768),
	(769, 120, 1, 38050, 335479120073, 769, 769, 769, 769, 769, 769),
	(770, 120, 1, 38150, 335479120149, 770, 770, 770, 770, 770, 770),
	(771, 120, 1, 38610, 335479120156, 771, 771, 771, 771, 771, 771),
	(772, 120, 1, 38350, 335479120164, 772, 772, 772, 772, 772, 772),
	(773, 120, 1, 36050, 335479121113, 773, 773, 773, 773, 773, 773),
	(774, 120, 1, 36350, 335479121139, 774, 774, 774, 774, 774, 774),
	(775, 120, 1, 37800, 335479140303, 775, 775, 775, 775, 775, 775),
	(776, 120, 1, 38150, 335479141004, 776, 776, 776, 776, 776, 776),
	(777, 120, 1, 38700, 335479141020, 777, 777, 777, 777, 777, 777),
	(778, 120, 1, 37850, 335479141749, 778, 778, 778, 778, 778, 778),
	(779, 120, 1, 22600, 335479310930, 779, 779, 779, 779, 779, 779),
	(780, 120, 1, 22000, 335479311284, 780, 780, 780, 780, 780, 780),
	(781, 120, 1, 22650, 335479311326, 781, 781, 781, 781, 781, 781),
	(782, 120, 1, 26400, 335479311599, 782, 782, 782, 782, 782, 782),
	(783, 100, 1, 22100, 335479550113, 783, 783, 783, 783, 783, 783),
	(784, 100, 1, 22000, 335479550121, 784, 784, 784, 784, 784, 784),
	(785, 0, 1, 21400, 335479580557, 785, 785, 785, 785, 785, 785),
	(786, 0, 1, 21150, 335479580573, 786, 786, 786, 786, 786, 786),
	(787, 120, 1, 23250, 335479590655, 787, 787, 787, 787, 787, 787),
	(788, 120, 1, 21700, 335479747180, 788, 788, 788, 788, 788, 788),
	(789, 120, 1, 21830, 335479747255, 789, 789, 789, 789, 789, 789),
	(790, 100, 1, 25700, 335479777286, 790, 790, 790, 790, 790, 790),
	(791, 0, 1, 25500, 335479777344, 791, 791, 791, 791, 791, 791),
	(792, 100, 1, 25590, 335479777369, 792, 792, 792, 792, 792, 792),
	(793, 100, 1, 25050, 335479777385, 793, 793, 793, 793, 793, 793),
	(794, 100, 1, 25830, 335479777450, 794, 794, 794, 794, 794, 794),
	(795, 120, 1, 25550, 335479777492, 795, 795, 795, 795, 795, 795),
	(796, 100, 1, 25890, 335479777500, 796, 796, 796, 796, 796, 796),
	(797, 100, 1, 25500, 335479777534, 797, 797, 797, 797, 797, 797),
	(798, 120, 1, 25580, 335479789166, 798, 798, 798, 798, 798, 798),
	(799, 120, 1, 25740, 335479789174, 799, 799, 799, 799, 799, 799),
	(800, 120, 1, 26100, 335479789331, 800, 800, 800, 800, 800, 800),
	(801, 120, 1, 25580, 335479789497, 801, 801, 801, 801, 801, 801),
	(802, 120, 1, 25840, 335479789588, 802, 802, 802, 802, 802, 802),
	(803, 0, 1, 25050, 335479820540, 803, 803, 803, 803, 803, 803),
	(804, 120, 1, 24600, 335479850216, 804, 804, 804, 804, 804, 804),
	(805, 120, 1, 27150, 335479850265, 805, 805, 805, 805, 805, 805),
	(806, 120, 1, 26900, 335479850273, 806, 806, 806, 806, 806, 806),
	(807, 120, 1, 27050, 335479850299, 807, 807, 807, 807, 807, 807),
	(808, 120, 1, 37000, 335479850323, 808, 808, 808, 808, 808, 808),
	(809, 120, 1, 27200, 335479850380, 809, 809, 809, 809, 809, 809),
	(810, 120, 1, 23800, 335479887358, 810, 810, 810, 810, 810, 810),
	(811, 120, 1, 24600, 335479887374, 811, 811, 811, 811, 811, 811),
	(812, 120, 1, 27000, 335479890147, 812, 812, 812, 812, 812, 812),
	(813, 120, 1, 25700, 335493260012, 813, 813, 813, 813, 813, 813),
	(814, 120, 1, 25750, 335493260137, 814, 814, 814, 814, 814, 814),
	(815, 120, 1, 25550, 335493260152, 815, 815, 815, 815, 815, 815),
	(816, 120, 1, 25650, 335493260186, 816, 816, 816, 816, 816, 816),
	(817, 120, 1, 25750, 335493260194, 817, 817, 817, 817, 817, 817),
	(818, 120, 1, 25550, 335493260269, 818, 818, 818, 818, 818, 818),
	(819, 120, 1, 25450, 335493260376, 819, 819, 819, 819, 819, 819),
	(820, 120, 1, 25250, 335493260582, 820, 820, 820, 820, 820, 820),
	(821, 120, 1, 25500, 335493261069, 821, 821, 821, 821, 821, 821),
	(822, 120, 1, 25550, 335493261382, 822, 822, 822, 822, 822, 822),
	(823, 100, 1, 17650, 435441780051, 823, 823, 823, 823, 823, 823),
	(824, 100, 1, 17400, 435441780135, 824, 824, 824, 824, 824, 824),
	(825, 100, 1, 17650, 435441780168, 825, 825, 825, 825, 825, 825),
	(826, 100, 1, 17550, 435441780267, 826, 826, 826, 826, 826, 826),
	(827, 100, 1, 17800, 435441780424, 827, 827, 827, 827, 827, 827),
	(828, 100, 1, 17700, 435441780432, 828, 828, 828, 828, 828, 828),
	(829, 100, 1, 17750, 435441780457, 829, 829, 829, 829, 829, 829),
	(830, 100, 1, 17650, 435441780465, 830, 830, 830, 830, 830, 830),
	(831, 100, 1, 17850, 435441780572, 831, 831, 831, 831, 831, 831),
	(832, 100, 1, 17600, 435441780846, 832, 832, 832, 832, 832, 832),
	(833, 100, 1, 17850, 435441780895, 833, 833, 833, 833, 833, 833),
	(834, 100, 1, 17750, 435441780937, 834, 834, 834, 834, 834, 834),
	(835, 100, 1, 17400, 435441781125, 835, 835, 835, 835, 835, 835),
	(836, 100, 1, 17400, 435441781133, 836, 836, 836, 836, 836, 836),
	(837, 0, 1, 22000, 445443050346, 837, 837, 837, 837, 837, 837),
	(838, 200, 1, 58000, 615472910061, 838, 838, 838, 838, 838, 838),
	(839, 200, 1, 56000, 615472910087, 839, 839, 839, 839, 839, 839),
	(840, 100, 1, 49000, 735410910062, 840, 840, 840, 840, 840, 840),
	(841, 0, 1, 20080, 835439591388, 841, 841, 841, 841, 841, 841),
	(842, 0, 1, 20220, 835439591396, 842, 842, 842, 842, 842, 842),
	(843, 0, 1, 20260, 835439591404, 843, 843, 843, 843, 843, 843),
	(844, 0, 1, 20380, 835439591412, 844, 844, 844, 844, 844, 844),
	(845, 0, 1, 20230, 835446235029, 845, 845, 845, 845, 845, 845),
	(846, 0, 1, 19860, 835446235037, 846, 846, 846, 846, 846, 846),
	(847, 0, 1, 23100, 835478546970, 847, 847, 847, 847, 847, 847),
	(848, 120, 1, 26610, 835492008346, 848, 848, 848, 848, 848, 848),
	(849, 100, 1, 24900, 835493070063, 849, 849, 849, 849, 849, 849),
	(850, 120, 1, 24450, 835493070089, 850, 850, 850, 850, 850, 850),
	(851, 0, 1, 24800, 835493070345, 851, 851, 851, 851, 851, 851),
	(852, 100, 1, 25050, 835493071889, 852, 852, 852, 852, 852, 852),
	(853, 100, 1, 24850, 835493071897, 853, 853, 853, 853, 853, 853),
	(854, 100, 1, 23850, 835493071921, 854, 854, 854, 854, 854, 854),
	(855, 100, 1, 24800, 835493072200, 855, 855, 855, 855, 855, 855),
	(856, 100, 1, 23700, 835493072747, 856, 856, 856, 856, 856, 856),
	(857, 100, 1, 24600, 835493072838, 857, 857, 857, 857, 857, 857),
	(858, 100, 1, 24500, 835493075211, 858, 858, 858, 858, 858, 858),
	(859, 100, 1, 23450, 835493075948, 859, 859, 859, 859, 859, 859),
	(860, 0, 1, 24350, 835493080880, 860, 860, 860, 860, 860, 860),
	(861, 0, 1, 24550, 835493081722, 861, 861, 861, 861, 861, 861),
	(862, 100, 1, 24700, 835493081839, 862, 862, 862, 862, 862, 862),
	(863, 0, 1, 24400, 835493211428, 863, 863, 863, 863, 863, 863),
	(864, 0, 1, 24550, 835493211436, 864, 864, 864, 864, 864, 864),
	(865, 0, 1, 24400, 835493211535, 865, 865, 865, 865, 865, 865),
	(866, 0, 1, 24500, 835493211550, 866, 866, 866, 866, 866, 866),
	(867, 0, 1, 25350, 835493213929, 867, 867, 867, 867, 867, 867),
	(868, 0, 1, 25000, 835493213937, 868, 868, 868, 868, 868, 868),
	(869, 100, 1, 24100, 835493220940, 869, 869, 869, 869, 869, 869),
	(870, 100, 1, 24600, 835493221419, 870, 870, 870, 870, 870, 870),
	(871, 100, 1, 24450, 835493221716, 871, 871, 871, 871, 871, 871),
	(872, 100, 1, 24300, 835493222888, 872, 872, 872, 872, 872, 872),
	(873, 100, 1, 24200, 835493223738, 873, 873, 873, 873, 873, 873),
	(874, 100, 1, 24350, 835493223977, 874, 874, 874, 874, 874, 874),
	(875, 100, 1, 24750, 835493225303, 875, 875, 875, 875, 875, 875),
	(876, 100, 1, 24650, 835493226871, 876, 876, 876, 876, 876, 876),
	(877, 100, 1, 24600, 835493233711, 877, 877, 877, 877, 877, 877),
	(878, 0, 1, 24800, 835493237175, 878, 878, 878, 878, 878, 878),
	(879, 0, 1, 23360, 845408340089, 879, 879, 879, 879, 879, 879),
	(880, 0, 1, 24000, 845439460567, 880, 880, 880, 880, 880, 880),
	(881, 0, 1, 26000, 845466801790, 881, 881, 881, 881, 881, 881),
	(882, 0, 1, 26000, 845466801816, 882, 882, 882, 882, 882, 882),
	(883, 0, 1, 26000, 845466805577, 883, 883, 883, 883, 883, 883),
	(884, 0, 1, 26000, 845466805692, 884, 884, 884, 884, 884, 884),
	(885, 0, 1, 26000, 845466805767, 885, 885, 885, 885, 885, 885),
	(886, 0, 1, 26870, 845466806534, 886, 886, 886, 886, 886, 886),
	(887, 0, 1, 22200, 845469999039, 887, 887, 887, 887, 887, 887),
	(888, 0, 1, 22350, 845475630008, 888, 888, 888, 888, 888, 888),
	(889, 0, 1, 21700, 845478545021, 889, 889, 889, 889, 889, 889),
	(890, 0, 1, 23100, 845478660036, 890, 890, 890, 890, 890, 890),
	(891, 0, 1, 24600, 845493071979, 891, 891, 891, 891, 891, 891),
	(892, 0, 1, 24250, 845493225997, 892, 892, 892, 892, 892, 892),
	(893, 0, 1, 24700, 845493236101, 893, 893, 893, 893, 893, 893),
	(894, 0, 1, 26460, 875492016652, 894, 894, 894, 894, 894, 894);
/*!40000 ALTER TABLE `vuz` ENABLE KEYS */;

-- Dumping structure for table enisapp.vzduchova_brzda
CREATE TABLE IF NOT EXISTS `vzduchova_brzda` (
  `id` bigint(20) NOT NULL AUTO_INCREMENT,
  `brzdici_hmotnost_vzduch_brzdy` bigint(20) NOT NULL,
  `druh_vzduchove_brzdy` bigint(20) NOT NULL,
  PRIMARY KEY (`id`)
) ENGINE=InnoDB AUTO_INCREMENT=895 DEFAULT CHARSET=latin1;

-- Dumping data for table enisapp.vzduchova_brzda: ~1,074 rows (approximately)
/*!40000 ALTER TABLE `vzduchova_brzda` DISABLE KEYS */;
REPLACE INTO `vzduchova_brzda` (`id`, `brzdici_hmotnost_vzduch_brzdy`, `druh_vzduchove_brzdy`) VALUES
	(1, 30, 3),
	(2, 0, 3),
	(3, 0, 3),
	(4, 0, 3),
	(5, 0, 0),
	(6, 0, 3),
	(7, 0, 3),
	(8, 0, 0),
	(9, 28044052028052, 3),
	(10, 28052, 3),
	(11, 28052, 3),
	(12, 34, 3),
	(13, 34, 3),
	(14, 34, 3),
	(15, 34, 3),
	(16, 34, 3),
	(17, 34, 3),
	(18, 34, 3),
	(19, 34, 3),
	(20, 34, 3),
	(21, 34, 3),
	(22, 34, 3),
	(23, 34, 3),
	(24, 34, 3),
	(25, 34, 3),
	(26, 34, 3),
	(27, 29, 3),
	(28, 29, 3),
	(29, 29, 3),
	(30, 33048058033058, 3),
	(31, 33048058033058, 3),
	(32, 29044054029054, 3),
	(33, 29044054029054, 3),
	(34, 28044054028054, 3),
	(35, 77, 3),
	(36, 77, 3),
	(37, 77, 3),
	(38, 77, 3),
	(39, 77, 3),
	(40, 77, 3),
	(41, 77, 3),
	(42, 77, 3),
	(43, 77, 3),
	(44, 77, 3),
	(45, 77, 3),
	(46, 77, 3),
	(47, 77, 3),
	(48, 77, 3),
	(49, 77, 3),
	(50, 77, 3),
	(51, 77, 3),
	(52, 77, 3),
	(53, 77, 3),
	(54, 77, 3),
	(55, 77, 3),
	(56, 77, 3),
	(57, 77, 3),
	(58, 77, 3),
	(59, 77, 3),
	(60, 77, 3),
	(61, 77, 3),
	(62, 77, 3),
	(63, 77, 3),
	(64, 77, 3),
	(65, 77, 3),
	(66, 77, 3),
	(67, 77, 3),
	(68, 77, 3),
	(69, 77, 3),
	(70, 77, 3),
	(71, 77, 3),
	(72, 77, 3),
	(73, 77, 3),
	(74, 77, 3),
	(75, 77, 3),
	(76, 77, 3),
	(77, 77, 3),
	(78, 77, 3),
	(79, 77, 3),
	(80, 77, 3),
	(81, 77, 3),
	(82, 77, 3),
	(83, 77, 3),
	(84, 77, 3),
	(85, 77, 3),
	(86, 77, 3),
	(87, 77, 3),
	(88, 77, 3),
	(89, 77, 3),
	(90, 77, 3),
	(91, 77, 3),
	(92, 77, 3),
	(93, 77, 3),
	(94, 77, 3),
	(95, 97, 3),
	(96, 97, 3),
	(97, 97, 3),
	(98, 97, 3),
	(99, 97, 3),
	(100, 97, 3),
	(101, 88, 3),
	(102, 88, 3),
	(103, 88, 3),
	(104, 88, 3),
	(105, 88, 3),
	(106, 108, 3),
	(107, 108, 3),
	(108, 108, 3),
	(109, 108, 3),
	(110, 108, 3),
	(111, 108, 3),
	(112, 108, 3),
	(113, 108, 3),
	(114, 108, 3),
	(115, 108, 3),
	(116, 108, 3),
	(117, 108, 3),
	(118, 108, 3),
	(119, 108, 3),
	(120, 108, 3),
	(121, 108, 3),
	(122, 108, 3),
	(123, 108, 3),
	(124, 108, 3),
	(125, 108, 3),
	(126, 108, 3),
	(127, 108, 3),
	(128, 108, 3),
	(129, 108, 3),
	(130, 108, 3),
	(131, 108, 3),
	(132, 108, 3),
	(133, 108, 3),
	(134, 108, 3),
	(135, 108, 3),
	(136, 108, 3),
	(137, 108, 3),
	(138, 108, 3),
	(139, 108, 3),
	(140, 108, 3),
	(141, 108, 3),
	(142, 108, 3),
	(143, 108, 3),
	(144, 108, 3),
	(145, 108, 3),
	(146, 108, 3),
	(147, 108, 3),
	(148, 108, 3),
	(149, 108, 3),
	(150, 108, 3),
	(151, 108, 3),
	(152, 108, 3),
	(153, 108, 3),
	(154, 108, 3),
	(155, 108, 3),
	(156, 108, 3),
	(157, 108, 3),
	(158, 108, 3),
	(159, 108, 3),
	(160, 108, 3),
	(161, 108, 3),
	(162, 108, 3),
	(163, 108, 3),
	(164, 108, 3),
	(165, 108, 3),
	(166, 108, 3),
	(167, 108, 3),
	(168, 108, 3),
	(169, 108, 3),
	(170, 108, 3),
	(171, 108, 3),
	(172, 108, 3),
	(173, 108, 3),
	(174, 108, 3),
	(175, 108, 3),
	(176, 108, 3),
	(177, 108, 3),
	(178, 108, 3),
	(179, 108, 3),
	(180, 108, 3),
	(181, 108, 3),
	(182, 108, 3),
	(183, 108, 3),
	(184, 108, 3),
	(185, 108, 3),
	(186, 108, 3),
	(187, 108, 3),
	(188, 108, 3),
	(189, 108, 3),
	(190, 108, 3),
	(191, 108, 3),
	(192, 108, 3),
	(193, 108, 3),
	(194, 108, 3),
	(195, 108, 3),
	(196, 108, 3),
	(197, 108, 3),
	(198, 108, 3),
	(199, 108, 3),
	(200, 108, 3),
	(201, 108, 3),
	(202, 108, 3),
	(203, 108, 3),
	(204, 108, 3),
	(205, 108, 3),
	(206, 108, 3),
	(207, 108, 3),
	(208, 108, 3),
	(209, 108, 3),
	(210, 108, 3),
	(211, 108, 3),
	(212, 108, 3),
	(213, 108, 3),
	(214, 108, 3),
	(215, 108, 3),
	(216, 108, 3),
	(217, 108, 3),
	(218, 108, 3),
	(219, 108, 3),
	(220, 108, 3),
	(221, 108, 3),
	(222, 108, 3),
	(223, 108, 3),
	(224, 108, 3),
	(225, 108, 3),
	(226, 108, 3),
	(227, 108, 3),
	(228, 108, 3),
	(229, 108, 3),
	(230, 108, 3),
	(231, 108, 3),
	(232, 108, 3),
	(233, 108, 3),
	(234, 108, 3),
	(235, 108, 3),
	(236, 108, 3),
	(237, 108, 3),
	(238, 108, 3),
	(239, 108, 3),
	(240, 108, 3),
	(241, 108, 3),
	(242, 108, 3),
	(243, 108, 3),
	(244, 108, 3),
	(245, 108, 3),
	(246, 108, 3),
	(247, 108, 3),
	(248, 108, 3),
	(249, 108, 3),
	(250, 108, 3),
	(251, 108, 3),
	(252, 108, 3),
	(253, 108, 3),
	(254, 108, 3),
	(255, 108, 3),
	(256, 108, 3),
	(257, 108, 3),
	(258, 108, 3),
	(259, 108, 3),
	(260, 108, 3),
	(261, 108, 3),
	(262, 108, 3),
	(263, 108, 3),
	(264, 108, 3),
	(265, 108, 3),
	(266, 108, 3),
	(267, 108, 3),
	(268, 108, 3),
	(269, 108, 3),
	(270, 108, 3),
	(271, 108, 3),
	(272, 108, 3),
	(273, 108, 3),
	(274, 108, 3),
	(275, 108, 3),
	(276, 108, 3),
	(277, 108, 3),
	(278, 108, 3),
	(279, 108, 3),
	(280, 108, 3),
	(281, 108, 3),
	(282, 108, 3),
	(283, 108, 3),
	(284, 108, 3),
	(285, 108, 3),
	(286, 108, 3),
	(287, 108, 3),
	(288, 108, 3),
	(289, 108, 3),
	(290, 108, 3),
	(291, 108, 3),
	(292, 108, 3),
	(293, 108, 3),
	(294, 108, 3),
	(295, 108, 3),
	(296, 108, 3),
	(297, 108, 3),
	(298, 108, 3),
	(299, 108, 3),
	(300, 108, 3),
	(301, 108, 3),
	(302, 108, 3),
	(303, 108, 3),
	(304, 108, 3),
	(305, 108, 3),
	(306, 108, 3),
	(307, 108, 3),
	(308, 108, 3),
	(309, 108, 3),
	(310, 108, 3),
	(311, 108, 3),
	(312, 108, 3),
	(313, 108, 3),
	(314, 108, 3),
	(315, 108, 3),
	(316, 108, 3),
	(317, 108, 3),
	(318, 108, 3),
	(319, 108, 3),
	(320, 108, 3),
	(321, 108, 3),
	(322, 108, 3),
	(323, 108, 3),
	(324, 108, 3),
	(325, 108, 3),
	(326, 108, 3),
	(327, 108, 3),
	(328, 108, 3),
	(329, 108, 3),
	(330, 108, 3),
	(331, 108, 3),
	(332, 108, 3),
	(333, 108, 3),
	(334, 108, 3),
	(335, 108, 3),
	(336, 108, 3),
	(337, 108, 3),
	(338, 110, 3),
	(339, 110, 3),
	(340, 110, 3),
	(341, 110, 3),
	(342, 110, 3),
	(343, 110, 3),
	(344, 110, 3),
	(345, 110, 3),
	(346, 110, 3),
	(347, 110, 3),
	(348, 110, 3),
	(349, 110, 3),
	(350, 110, 3),
	(351, 110, 3),
	(352, 110, 3),
	(353, 110, 3),
	(354, 110, 3),
	(355, 110, 3),
	(356, 110, 3),
	(357, 110, 3),
	(358, 110, 3),
	(359, 110, 3),
	(360, 110, 3),
	(361, 110, 3),
	(362, 110, 3),
	(363, 110, 3),
	(364, 110, 3),
	(365, 110, 3),
	(366, 110, 3),
	(367, 110, 3),
	(368, 110, 3),
	(369, 110, 3),
	(370, 110, 3),
	(371, 110, 3),
	(372, 110, 3),
	(373, 110, 3),
	(374, 110, 3),
	(375, 110, 3),
	(376, 110, 3),
	(377, 110, 3),
	(378, 110, 3),
	(379, 110, 3),
	(380, 110, 3),
	(381, 110, 3),
	(382, 110, 3),
	(383, 110, 3),
	(384, 110, 3),
	(385, 110, 3),
	(386, 110, 3),
	(387, 110, 3),
	(388, 110, 3),
	(389, 110, 3),
	(390, 110, 3),
	(391, 110, 3),
	(392, 110, 3),
	(393, 110, 3),
	(394, 110, 3),
	(395, 110, 3),
	(396, 110, 3),
	(397, 110, 3),
	(398, 110, 3),
	(399, 110, 3),
	(400, 110, 3),
	(401, 110, 3),
	(402, 110, 3),
	(403, 110, 3),
	(404, 110, 3),
	(405, 110, 3),
	(406, 110, 3),
	(407, 110, 3),
	(408, 110, 3),
	(409, 110, 3),
	(410, 110, 3),
	(411, 110, 3),
	(412, 110, 3),
	(413, 110, 3),
	(414, 110, 3),
	(415, 110, 3),
	(416, 110, 3),
	(417, 110, 3),
	(418, 110, 3),
	(419, 110, 3),
	(420, 110, 3),
	(421, 110, 3),
	(422, 0, 3),
	(423, 0, 3),
	(424, 0, 0),
	(425, 0, 0),
	(426, 0, 0),
	(427, 0, 0),
	(428, 0, 0),
	(429, 0, 0),
	(430, 0, 3),
	(431, 0, 3),
	(432, 13, 2),
	(433, 52, 9),
	(434, 0, 2),
	(435, 58, 3),
	(436, 26048052026052, 3),
	(437, 26048051026051, 3),
	(438, 26048051026051, 3),
	(439, 26048051026051, 3),
	(440, 26048054026054, 3),
	(441, 26048051026051, 3),
	(442, 26042051026051, 9),
	(443, 26042051026051, 3),
	(444, 26048051026051, 3),
	(445, 26048051026051, 3),
	(446, 26048051026051, 3),
	(447, 26048051026051, 3),
	(448, 27048052027052, 3),
	(449, 26048051026051, 3),
	(450, 26048051026051, 3),
	(451, 26048051027052, 3),
	(452, 26048051026051, 3),
	(453, 26048051026051, 3),
	(454, 26048051026051, 3),
	(455, 27048052027052, 3),
	(456, 26048052026052, 3),
	(457, 26048051026051, 3),
	(458, 26048051026051, 3),
	(459, 26048051026051, 3),
	(460, 26048051026051, 3),
	(461, 26048051026051, 3),
	(462, 27048052027052, 3),
	(463, 26048051026051, 3),
	(464, 26048051026051, 3),
	(465, 26048051026051, 3),
	(466, 26048051026051, 3),
	(467, 26048048026048, 3),
	(468, 26048051026051, 3),
	(469, 26048051026051, 3),
	(470, 26048051027052, 3),
	(471, 26048051026051, 3),
	(472, 26048051026051, 3),
	(473, 26048051026051, 3),
	(474, 26048051026051, 3),
	(475, 26048051026051, 3),
	(476, 26048051026051, 3),
	(477, 26048052027052, 3),
	(478, 26048051026051, 3),
	(479, 26048052026052, 3),
	(480, 26048051026051, 3),
	(481, 26048051026051, 3),
	(482, 26048052026052, 3),
	(483, 26048051026051, 3),
	(484, 27048052027052, 3),
	(485, 26048051026051, 3),
	(486, 26048051026051, 3),
	(487, 26048051026051, 3),
	(488, 26048048026048, 3),
	(489, 26048051026051, 3),
	(490, 26048051026051, 3),
	(491, 26048051026051, 3),
	(492, 26048051026051, 3),
	(493, 26048051026051, 3),
	(494, 24048048024048, 3),
	(495, 26048051026051, 3),
	(496, 26042051026051, 3),
	(497, 24048048024048, 3),
	(498, 26048048026048, 3),
	(499, 26048051026051, 3),
	(500, 24048048024048, 3),
	(501, 26048048026048, 3),
	(502, 24048048024048, 3),
	(503, 21048051021051, 3),
	(504, 24048048024048, 3),
	(505, 26048048026048, 3),
	(506, 26048048026048, 9),
	(507, 26048051026051, 3),
	(508, 26048051026051, 3),
	(509, 26048048026048, 3),
	(510, 26048048026048, 9),
	(511, 26048048026048, 3),
	(512, 24048048024048, 3),
	(513, 26048048026048, 3),
	(514, 24048048024048, 3),
	(515, 48, 3),
	(516, 26048051026051, 3),
	(517, 26048048026048, 3),
	(518, 24048048024048, 3),
	(519, 24048048024048, 3),
	(520, 26048051026051, 3),
	(521, 26048051026051, 3),
	(522, 26048051026051, 3),
	(523, 26048051026051, 3),
	(524, 26046047026047, 3),
	(525, 26048052026052, 3),
	(526, 26048051026051, 3),
	(527, 26048051026051, 3),
	(528, 26048051026051, 3),
	(529, 26048051026051, 3),
	(530, 26042051026051, 3),
	(531, 25048051025051, 3),
	(532, 26048051026051, 3),
	(533, 26046052026052, 3),
	(534, 26048051026051, 3),
	(535, 26048051026051, 3),
	(536, 26048051026051, 3),
	(537, 26048051026051, 3),
	(538, 26048048026048, 3),
	(539, 26048051026051, 3),
	(540, 24048048024048, 3),
	(541, 26048051026051, 3),
	(542, 26048051026051, 3),
	(543, 26048051026051, 3),
	(544, 0, 9),
	(545, 26048051026051, 3),
	(546, 26048051026051, 3),
	(547, 26048051026051, 3),
	(548, 26048052026052, 3),
	(549, 26048051026051, 3),
	(550, 26048051026051, 3),
	(551, 26048051026051, 3),
	(552, 26048051026051, 3),
	(553, 26048051026051, 3),
	(554, 26048051026051, 3),
	(555, 26048048026048, 3),
	(556, 26048051026051, 3),
	(557, 26048048026048, 3),
	(558, 26048048026048, 3),
	(559, 48, 3),
	(560, 26048048026048, 3),
	(561, 48, 3),
	(562, 26048048026048, 3),
	(563, 48, 3),
	(564, 24048048024048, 3),
	(565, 52, 3),
	(566, 26048053026053, 3),
	(567, 26048054026054, 3),
	(568, 24048048024048, 3),
	(569, 26048054026054, 3),
	(570, 26048051026051, 3),
	(571, 26048048026048, 3),
	(572, 26048048026048, 3),
	(573, 26048048026048, 3),
	(574, 24048048024048, 3),
	(575, 24048048024048, 3),
	(576, 24048048024048, 3),
	(577, 24048048024048, 3),
	(578, 26048051026051, 3),
	(579, 26048051026051, 3),
	(580, 26048051026051, 3),
	(581, 26048053026053, 3),
	(582, 26048051026051, 3),
	(583, 26048051026051, 3),
	(584, 26048051026051, 3),
	(585, 26048051026051, 3),
	(586, 26048051026051, 3),
	(587, 26048051026051, 3),
	(588, 26048051026051, 3),
	(589, 26048051026051, 3),
	(590, 24048048024048, 3),
	(591, 24048048024048, 3),
	(592, 26048048026048, 3),
	(593, 26048048026048, 3),
	(594, 48, 3),
	(595, 26048048026048, 3),
	(596, 26048048026048, 3),
	(597, 26048051026051, 3),
	(598, 26048048026048, 3),
	(599, 26048051026051, 3),
	(600, 26048051026051, 3),
	(601, 26048051026051, 3),
	(602, 26048051026051, 3),
	(603, 26048051026051, 3),
	(604, 26048051026051, 3),
	(605, 26048051026051, 3),
	(606, 26048051026051, 3),
	(607, 26048051026051, 3),
	(608, 26048051026051, 3),
	(609, 26048051026051, 3),
	(610, 26048051026051, 3),
	(611, 26048051026051, 3),
	(612, 26048048026048, 3),
	(613, 26048051026051, 3),
	(614, 26048051026051, 3),
	(615, 26048051026051, 3),
	(616, 26048051026051, 3),
	(617, 26048051026051, 3),
	(618, 26048051026051, 3),
	(619, 26048051026051, 3),
	(620, 26048051026051, 3),
	(621, 26048051026051, 3),
	(622, 26048051026051, 3),
	(623, 26048051026051, 3),
	(624, 26048051026051, 3),
	(625, 26048051026051, 3),
	(626, 26048048026048, 3),
	(627, 48, 3),
	(628, 26048048026048, 3),
	(629, 26048048026048, 3),
	(630, 26048048026048, 3),
	(631, 26048051026051, 3),
	(632, 48, 3),
	(633, 24048048024048, 3),
	(634, 26048051026051, 3),
	(635, 26048048026048, 3),
	(636, 26048051026051, 3),
	(637, 26048051026051, 3),
	(638, 26048051026051, 3),
	(639, 26048051026051, 3),
	(640, 26048051026051, 3),
	(641, 26048051026051, 3),
	(642, 26048051026051, 3),
	(643, 26048051026051, 3),
	(644, 26048051026051, 3),
	(645, 26048051026051, 3),
	(646, 26048051026051, 3),
	(647, 26048051026051, 3),
	(648, 26048051026051, 3),
	(649, 26048051026051, 3),
	(650, 26048051026051, 3),
	(651, 26048051026051, 3),
	(652, 26048051026051, 3),
	(653, 26048051026051, 3),
	(654, 26048051026051, 3),
	(655, 26048051026051, 3),
	(656, 26048051026051, 3),
	(657, 0, 9),
	(658, 25048051025051, 3),
	(659, 26048051026051, 3),
	(660, 26048051026051, 3),
	(661, 26048051026051, 3),
	(662, 26048051026051, 3),
	(663, 25048051025051, 3),
	(664, 26048051026051, 3),
	(665, 26048051026051, 3),
	(666, 26048051026051, 3),
	(667, 25048051025051, 3),
	(668, 26048051026051, 3),
	(669, 26048051026051, 3),
	(670, 26048051026051, 3),
	(671, 26048051026051, 3),
	(672, 26048051026051, 3),
	(673, 26048051026051, 3),
	(674, 26048051026051, 3),
	(675, 26048051026051, 3),
	(676, 26048051026051, 3),
	(677, 26048052026052, 3),
	(678, 0, 3),
	(679, 30044052030052, 3),
	(680, 30044052030052, 3),
	(681, 0, 9),
	(682, 0, 9),
	(683, 0, 9),
	(684, 30044052030052, 3),
	(685, 0, 9),
	(686, 30044052030052, 3),
	(687, 30044052030052, 3),
	(688, 30044052030052, 3),
	(689, 30044052030052, 3),
	(690, 30044052030052, 3),
	(691, 30044052030052, 3),
	(692, 30044052030052, 3),
	(693, 30044052030052, 3),
	(694, 30044052030052, 3),
	(695, 30044052030052, 3),
	(696, 30044052030052, 3),
	(697, 30044052030052, 3),
	(698, 30044052030052, 3),
	(699, 30044052030052, 3),
	(700, 26048058026058, 3),
	(701, 26048058026058, 3),
	(702, 26048058026058, 3),
	(703, 26048058026058, 3),
	(704, 26048058026058, 3),
	(705, 26048058026058, 3),
	(706, 26048058026058, 3),
	(707, 26048058026058, 3),
	(708, 26048058026058, 3),
	(709, 26048058026058, 3),
	(710, 26048058026058, 3),
	(711, 26048058026058, 3),
	(712, 26048058026058, 3),
	(713, 26048058026058, 3),
	(714, 26048058026058, 3),
	(715, 25048058025058, 3),
	(716, 26048058026058, 3),
	(717, 26048058026058, 3),
	(718, 26048058026058, 3),
	(719, 26048058026058, 3),
	(720, 26048058026058, 3),
	(721, 26048058026058, 3),
	(722, 0, 3),
	(723, 27047059027059, 3),
	(724, 29047058029058, 3),
	(725, 27058, 3),
	(726, 27048058027058, 3),
	(727, 27048058027058, 3),
	(728, 27048058027058, 3),
	(729, 27048058027058, 3),
	(730, 27058, 3),
	(731, 27048058027058, 3),
	(732, 27048058027058, 3),
	(733, 27048058027058, 3),
	(734, 27048058027058, 3),
	(735, 27048058027058, 3),
	(736, 27048058027058, 3),
	(737, 27048058027058, 3),
	(738, 27048058027058, 3),
	(739, 27058, 3),
	(740, 27048058027058, 3),
	(741, 0, 9),
	(742, 0, 9),
	(743, 0, 3),
	(744, 0, 3),
	(745, 0, 3),
	(746, 27050, 3),
	(747, 29044048029048, 3),
	(748, 26043045026045, 3),
	(749, 28045052028052, 9),
	(750, 26043045026045, 3),
	(751, 28046052028052, 3),
	(752, 28046052028052, 3),
	(753, 0, 3),
	(754, 27050, 3),
	(755, 27050, 3),
	(756, 0, 0),
	(757, 0, 0),
	(758, 0, 3),
	(759, 24042050024050, 3),
	(760, 24042050024050, 3),
	(761, 0, 3),
	(762, 28045052028052, 3),
	(763, 29045052029052, 3),
	(764, 28045052028052, 3),
	(765, 29045052029052, 3),
	(766, 28045052028052, 3),
	(767, 39044050039050, 3),
	(768, 39044050039050, 3),
	(769, 39044050039050, 3),
	(770, 39044050039050, 3),
	(771, 39044050039050, 3),
	(772, 39044050039050, 3),
	(773, 33042042033042, 3),
	(774, 33042042033042, 3),
	(775, 41044050041050, 3),
	(776, 41044050041050, 3),
	(777, 38044050038050, 3),
	(778, 52, 3),
	(779, 27047059027059, 3),
	(780, 27047057027057, 3),
	(781, 27047059027059, 3),
	(782, 62, 3),
	(783, 52, 3),
	(784, 24042048024048, 3),
	(785, 0, 0),
	(786, 0, 0),
	(787, 52, 3),
	(788, 27044050027050, 3),
	(789, 27044050027050, 3),
	(790, 50, 3),
	(791, 0, 3),
	(792, 90, 3),
	(793, 28044052028052, 3),
	(794, 50, 3),
	(795, 28044052028052, 3),
	(796, 520, 3),
	(797, 90, 3),
	(798, 29047058029058, 3),
	(799, 29047058029058, 3),
	(800, 29047058029058, 3),
	(801, 29047058029058, 3),
	(802, 29047058029058, 3),
	(803, 0, 3),
	(804, 27050, 3),
	(805, 27044050027050, 3),
	(806, 27044050027050, 3),
	(807, 27044050027050, 3),
	(808, 27044050027050, 3),
	(809, 27044050027050, 3),
	(810, 27050, 3),
	(811, 27050, 3),
	(812, 27044050027050, 3),
	(813, 59, 3),
	(814, 52, 3),
	(815, 52, 3),
	(816, 52, 3),
	(817, 59, 3),
	(818, 52, 3),
	(819, 52, 3),
	(820, 52, 3),
	(821, 52, 3),
	(822, 59, 3),
	(823, 13023022013022, 3),
	(824, 14023022014022, 3),
	(825, 14023022014022, 3),
	(826, 14023022014022, 3),
	(827, 14023022014022, 3),
	(828, 14023022014022, 3),
	(829, 14023022014022, 3),
	(830, 14023022014022, 3),
	(831, 14023022014022, 3),
	(832, 14023022014022, 3),
	(833, 14023022014022, 3),
	(834, 14023022014022, 3),
	(835, 14023022014022, 3),
	(836, 14023022014022, 3),
	(837, 0, 3),
	(838, 0, 9),
	(839, 0, 9),
	(840, 0, 9),
	(841, 0, 3),
	(842, 0, 3),
	(843, 0, 3),
	(844, 0, 3),
	(845, 0, 3),
	(846, 0, 3),
	(847, 0, 3),
	(848, 30044052030052, 3),
	(849, 25049, 3),
	(850, 25041049025049, 3),
	(851, 0, 3),
	(852, 25049, 3),
	(853, 25049, 3),
	(854, 25049, 3),
	(855, 25049, 3),
	(856, 25041049025049, 3),
	(857, 25049, 3),
	(858, 25041049025049, 3),
	(859, 25041049025049, 3),
	(860, 0, 0),
	(861, 0, 3),
	(862, 25041049025049, 3),
	(863, 0, 0),
	(864, 0, 0),
	(865, 0, 0),
	(866, 0, 0),
	(867, 0, 0),
	(868, 0, 0),
	(869, 25041049025049, 3),
	(870, 25049, 3),
	(871, 25041049025049, 3),
	(872, 25041049025049, 3),
	(873, 25041049025049, 3),
	(874, 25049, 3),
	(875, 25049, 3),
	(876, 25041049025049, 3),
	(877, 25049, 3),
	(878, 0, 3),
	(879, 0, 3),
	(880, 0, 3),
	(881, 0, 3),
	(882, 0, 0),
	(883, 0, 3),
	(884, 0, 3),
	(885, 0, 3),
	(886, 0, 2),
	(887, 0, 3),
	(888, 0, 0),
	(889, 0, 0),
	(890, 0, 3),
	(891, 0, 3),
	(892, 0, 3),
	(893, 0, 3),
	(894, 0, 0);
/*!40000 ALTER TABLE `vzduchova_brzda` ENABLE KEYS */;

/*!40101 SET SQL_MODE=IFNULL(@OLD_SQL_MODE, '') */;
/*!40014 SET FOREIGN_KEY_CHECKS=IF(@OLD_FOREIGN_KEY_CHECKS IS NULL, 1, @OLD_FOREIGN_KEY_CHECKS) */;
/*!40101 SET CHARACTER_SET_CLIENT=@OLD_CHARACTER_SET_CLIENT */;
